latitude,longitude,track_id,course_type,outline_type,run_up_type
43.068761, -73.772179,SAR,D,outer,direct
43.068522, -73.772051,SAR,D,outer,direct
43.068956, -73.770844,SAR,D,outer,partial
43.069307, -73.769894,SAR,D,outer,partial
43.069624, -73.769121,SAR,D,outer,partial
43.069866, -73.769286,SAR,D,outer,direct
43.069587, -73.769989,SAR,D,outer,direct
43.070009, -73.768180,SAR,D,outer,none
43.070682, -73.766558,SAR,D,outer,none
43.071099, -73.765572,SAR,D,outer,none
43.071357, -73.765006,SAR,D,outer,none
43.071427, -73.764877,SAR,D,outer,none
43.071527, -73.764717,SAR,D,outer,none
43.071644, -73.764570,SAR,D,outer,none
43.071747, -73.764456,SAR,D,outer,none
43.071933, -73.764309,SAR,D,outer,none
43.072170, -73.764178,SAR,D,outer,none
43.072367, -73.764114,SAR,D,outer,none
43.072602, -73.764092,SAR,D,outer,none
43.072832, -73.764118,SAR,D,outer,none
43.073080, -73.764205,SAR,D,outer,none
43.073352, -73.764376,SAR,D,outer,none
43.073477, -73.764490,SAR,D,outer,none
43.073602, -73.764639,SAR,D,outer,none
43.073750, -73.764858,SAR,D,outer,none
43.073838, -73.765032,SAR,D,outer,none
43.073958, -73.765360,SAR,D,outer,none
43.074033, -73.765724,SAR,D,outer,none
43.074058, -73.766002,SAR,D,outer,none
43.074058, -73.766148,SAR,D,outer,none
43.074026, -73.766519,SAR,D,outer,none
43.073977, -73.766820,SAR,D,outer,none
43.073901, -73.767149,SAR,D,outer,none
43.073809, -73.767460,SAR,D,outer,none
43.073671, -73.767857,SAR,D,outer,none
43.073457, -73.768405,SAR,D,outer,none
43.073111, -73.769276,SAR,D,outer,none
43.072669, -73.770396,SAR,D,outer,none
43.072343, -73.771217,SAR,D,outer,none
43.072080, -73.771868,SAR,D,outer,none
43.071930, -73.772182,SAR,D,outer,none
43.071806, -73.772391,SAR,D,outer,none
43.071656, -73.772588,SAR,D,outer,none
43.071530, -73.772713,SAR,D,outer,none
43.071404, -73.772825,SAR,D,outer,none
43.071233, -73.772911,SAR,D,outer,none
43.071019, -73.772991,SAR,D,outer,none
43.070745, -73.773030,SAR,D,outer,none
43.070556, -73.773018,SAR,D,outer,none
43.070236, -73.772946,SAR,D,outer,none
43.070037, -73.772800,SAR,D,outer,none
43.069817, -73.772621,SAR,D,outer,none
43.069710, -73.772491,SAR,D,outer,none
43.069578, -73.772331,SAR,D,outer,none
43.069501, -73.772212,SAR,D,outer,none
43.069376, -73.771952,SAR,D,outer,none
43.069314, -73.771784,SAR,D,outer,none
43.069249, -73.771528,SAR,D,outer,none
43.069204, -73.771241,SAR,D,outer,none
43.069186, -73.771073,SAR,D,outer,none
43.069175, -73.771084,SAR,D,outer,partial
43.069056, -73.771396,SAR,D,outer,direct
43.068815, -73.772030,SAR,D,outer,direct
43.069600, -73.769983,SAR,D,inner,none
43.070154, -73.768572,SAR,D,inner,none
43.070701, -73.767187,SAR,D,inner,none
43.071099, -73.766185,SAR,D,inner,none
43.071385, -73.765462,SAR,D,inner,none
43.071427, -73.765359,SAR,D,inner,none
43.071514, -73.765154,SAR,D,inner,none
43.071605, -73.764979,SAR,D,inner,none
43.071712, -73.764823,SAR,D,inner,none
43.071857, -73.764660,SAR,D,inner,none
43.071932, -73.764597,SAR,D,inner,none
43.072069, -73.764493,SAR,D,inner,none
43.072247, -73.764407,SAR,D,inner,none
43.072397, -73.764364,SAR,D,inner,none
43.072565, -73.764341,SAR,D,inner,none
43.072748, -73.764354,SAR,D,inner,none
43.072903, -73.764395,SAR,D,inner,none
43.073063, -73.764464,SAR,D,inner,none
43.073231, -73.764571,SAR,D,inner,none
43.073361, -73.764683,SAR,D,inner,none
43.073485, -73.764826,SAR,D,inner,none
43.073590, -73.764980,SAR,D,inner,none
43.073686, -73.765159,SAR,D,inner,none
43.073770, -73.765373,SAR,D,inner,none
43.073818, -73.765530,SAR,D,inner,none
43.073873, -73.765850,SAR,D,inner,none
43.073883, -73.766150,SAR,D,inner,none
43.073864, -73.766400,SAR,D,inner,none
43.073801, -73.766700,SAR,D,inner,none
43.073702, -73.767012,SAR,D,inner,none
43.073488, -73.767554,SAR,D,inner,none
43.073134, -73.768457,SAR,D,inner,none
43.072608, -73.769793,SAR,D,inner,none
43.072153, -73.770946,SAR,D,inner,none
43.071850, -73.771704,SAR,D,inner,none
43.071642, -73.772129,SAR,D,inner,none
43.071442, -73.772387,SAR,D,inner,none
43.071228, -73.772568,SAR,D,inner,none
43.071047, -73.772669,SAR,D,inner,none
43.070940, -73.772709,SAR,D,inner,none
43.070705, -73.772750,SAR,D,inner,none
43.070496, -73.772738,SAR,D,inner,none
43.070281, -73.772675,SAR,D,inner,none
43.070018, -73.772526,SAR,D,inner,none
43.069884, -73.772400,SAR,D,inner,none
43.069701, -73.772169,SAR,D,inner,none
43.069550, -73.771894,SAR,D,inner,none
43.069434, -73.771553,SAR,D,inner,none
43.069383, -73.771265,SAR,D,inner,none
43.069370, -73.771061,SAR,D,inner,none
43.069379, -73.770789,SAR,D,inner,none
43.069406, -73.770562,SAR,D,inner,none
43.069457, -73.770338,SAR,D,inner,none
43.069497, -73.770221,SAR,D,inner,none
43.069613, -73.769905,SAR,D,inner,none
43.069553, -73.770204,SAR,O,outer,none
43.070022, -73.769017,SAR,O,outer,none
43.070582, -73.767593,SAR,O,outer,none
43.071257, -73.765881,SAR,O,outer,none
43.071473, -73.765341,SAR,O,outer,none
43.071616, -73.765042,SAR,O,outer,none
43.071744, -73.764843,SAR,O,outer,none
43.071938, -73.764645,SAR,O,outer,none
43.072132, -73.764512,SAR,O,outer,none
43.072349, -73.764424,SAR,O,outer,none
43.072520, -73.764395,SAR,O,outer,none
43.072716, -73.764401,SAR,O,outer,none
43.072848, -73.764425,SAR,O,outer,none
43.072999, -73.764486,SAR,O,outer,none
43.073184, -73.764599,SAR,O,outer,none
43.073350, -73.764741,SAR,O,outer,none
43.073509, -73.764939,SAR,O,outer,none
43.073636, -73.765164,SAR,O,outer,none
43.073748, -73.765460,SAR,O,outer,none
43.073806, -73.765701,SAR,O,outer,none
43.073837, -73.766069,SAR,O,outer,none
43.073815, -73.766443,SAR,O,outer,none
43.073768, -73.766663,SAR,O,outer,none
43.073695, -73.766891,SAR,O,outer,none
43.073513, -73.767353,SAR,O,outer,none
43.073275, -73.767947,SAR,O,outer,none
43.072842, -73.769043,SAR,O,outer,none
43.072412, -73.770131,SAR,O,outer,none
43.071955, -73.771296,SAR,O,outer,none
43.071771, -73.771748,SAR,O,outer,none
43.071668, -73.771975,SAR,O,outer,none
43.071536, -73.772187,SAR,O,outer,none
43.071428, -73.772322,SAR,O,outer,none
43.071265, -73.772469,SAR,O,outer,none
43.071147, -73.772549,SAR,O,outer,none
43.070993, -73.772623,SAR,O,outer,none
43.070834, -73.772667,SAR,O,outer,none
43.070682, -73.772683,SAR,O,outer,none
43.070513, -73.772673,SAR,O,outer,none
43.070380, -73.772643,SAR,O,outer,none
43.070222, -73.772579,SAR,O,outer,none
43.070066, -73.772481,SAR,O,outer,none
43.069934, -73.772370,SAR,O,outer,none
43.069794, -73.772205,SAR,O,outer,none
43.069677, -73.772033,SAR,O,outer,none
43.069587, -73.771849,SAR,O,outer,none
43.069520, -73.771670,SAR,O,outer,none
43.069481, -73.771541,SAR,O,outer,none
43.069437, -73.771334,SAR,O,outer,none
43.069411, -73.771030,SAR,O,outer,none
43.069420, -73.770789,SAR,O,outer,none
43.069448, -73.770562,SAR,O,outer,none
43.069508, -73.770334,SAR,O,outer,none
43.069577, -73.770139,SAR,O,outer,none
43.069726, -73.770220,SAR,O,inner2,none
43.069962, -73.769626,SAR,O,inner2,none
43.070271, -73.768847,SAR,O,inner2,none
43.070554, -73.768131,SAR,O,inner2,none
43.070902, -73.767249,SAR,O,inner2,none
43.071170, -73.766574,SAR,O,inner2,none
43.071416, -73.765953,SAR,O,inner2,none
43.071623, -73.765431,SAR,O,inner2,none
43.071699, -73.765258,SAR,O,inner2,none
43.071776, -73.765116,SAR,O,inner2,none
43.071872, -73.764987,SAR,O,inner2,none
43.071934, -73.764913,SAR,O,inner2,none
43.072012, -73.764837,SAR,O,inner2,none
43.072117, -73.764757,SAR,O,inner2,none
43.072225, -73.764695,SAR,O,inner2,none
43.072310, -73.764658,SAR,O,inner2,none
43.072396, -73.764631,SAR,O,inner2,none
43.072476, -73.764617,SAR,O,inner2,none
43.072581, -73.764609,SAR,O,inner2,none
43.072673, -73.764613,SAR,O,inner2,none
43.072767, -73.764625,SAR,O,inner2,none
43.072842, -73.764645,SAR,O,inner2,none
43.072937, -73.764681,SAR,O,inner2,none
43.073042, -73.764737,SAR,O,inner2,none
43.073162, -73.764826,SAR,O,inner2,none
43.073257, -73.764914,SAR,O,inner2,none
43.073356, -73.765033,SAR,O,inner2,none
43.073459, -73.765190,SAR,O,inner2,none
43.073526, -73.765323,SAR,O,inner2,none
43.073576, -73.765452,SAR,O,inner2,none
43.073623, -73.765602,SAR,O,inner2,none
43.073649, -73.765712,SAR,O,inner2,none
43.073678, -73.765936,SAR,O,inner2,none
43.073682, -73.766108,SAR,O,inner2,none
43.073675, -73.766243,SAR,O,inner2,none
43.073662, -73.766375,SAR,O,inner2,none
43.073633, -73.766529,SAR,O,inner2,none
43.073588, -73.766685,SAR,O,inner2,none
43.073535, -73.766827,SAR,O,inner2,none
43.073406, -73.767153,SAR,O,inner2,none
43.073167, -73.767761,SAR,O,inner2,none
43.072983, -73.768225,SAR,O,inner2,none
43.072629, -73.769124,SAR,O,inner2,none
43.072392, -73.769720,SAR,O,inner2,none
43.072040, -73.770611,SAR,O,inner2,none
43.071803, -73.771212,SAR,O,inner2,none
43.071610, -73.771698,SAR,O,inner2,none
43.071552, -73.771834,SAR,O,inner2,none
43.071487, -73.771949,SAR,O,inner2,none
43.071419, -73.772047,SAR,O,inner2,none
43.071349, -73.772135,SAR,O,inner2,none
43.071303, -73.772182,SAR,O,inner2,none
43.071176, -73.772292,SAR,O,inner2,none
43.071087, -73.772351,SAR,O,inner2,none
43.070934, -73.772420,SAR,O,inner2,none
43.070848, -73.772447,SAR,O,inner2,none
43.070713, -73.772465,SAR,O,inner2,none
43.070607, -73.772466,SAR,O,inner2,none
43.070566, -73.772461,SAR,O,inner2,none
43.070433, -73.772436,SAR,O,inner2,none
43.070347, -73.772408,SAR,O,inner2,none
43.070240, -73.772357,SAR,O,inner2,none
43.070140, -73.772291,SAR,O,inner2,none
43.070041, -73.772208,SAR,O,inner2,none
43.069938, -73.772097,SAR,O,inner2,none
43.069859, -73.771991,SAR,O,inner2,none
43.069788, -73.771877,SAR,O,inner2,none
43.069727, -73.771750,SAR,O,inner2,none
43.069675, -73.771616,SAR,O,inner2,none
43.069630, -73.771465,SAR,O,inner2,none
43.069598, -73.771307,SAR,O,inner2,none
43.069580, -73.771168,SAR,O,inner2,none
43.069568, -73.770993,SAR,O,inner2,none
43.069575, -73.770849,SAR,O,inner2,none
43.069596, -73.770674,SAR,O,inner2,none
43.069616, -73.770566,SAR,O,inner2,none
43.069644, -73.770450,SAR,O,inner2,none
43.069674, -73.770361,SAR,O,inner2,none
43.069714, -73.770254,SAR,O,inner2,none
43.069756, -73.770254,SAR,O,inner,none
43.069998, -73.769636,SAR,O,inner,none
43.070230, -73.769053,SAR,O,inner,none
43.070426, -73.768551,SAR,O,inner,none
43.070714, -73.767820,SAR,O,inner,none
43.070964, -73.767193,SAR,O,inner,none
43.071216, -73.766554,SAR,O,inner,none
43.071409, -73.766062,SAR,O,inner,none
43.071566, -73.765673,SAR,O,inner,none
43.071586, -73.765640,SAR,O,inner,none
43.071680, -73.765416,SAR,O,inner,none
43.071752, -73.765263,SAR,O,inner,none
43.071815, -73.765147,SAR,O,inner,none
43.071931, -73.764991,SAR,O,inner,none
43.072040, -73.764883,SAR,O,inner,none
43.072101, -73.764833,SAR,O,inner,none
43.072179, -73.764783,SAR,O,inner,none
43.072213, -73.764763,SAR,O,inner,none
43.072301, -73.764723,SAR,O,inner,none
43.072387, -73.764693,SAR,O,inner,none
43.072437, -73.764681,SAR,O,inner,none
43.072597, -73.764660,SAR,O,inner,none
43.072721, -73.764673,SAR,O,inner,none
43.072830, -73.764700,SAR,O,inner,none
43.072930, -73.764737,SAR,O,inner,none
43.073008, -73.764782,SAR,O,inner,none
43.073126, -73.764867,SAR,O,inner,none
43.073215, -73.764944,SAR,O,inner,none
43.073321, -73.765065,SAR,O,inner,none
43.073409, -73.765192,SAR,O,inner,none
43.073484, -73.765343,SAR,O,inner,none
43.073549, -73.765503,SAR,O,inner,none
43.073596, -73.765677,SAR,O,inner,none
43.073622, -73.765815,SAR,O,inner,none
43.073636, -73.766007,SAR,O,inner,none
43.073639, -73.766155,SAR,O,inner,none
43.073624, -73.766318,SAR,O,inner,none
43.073597, -73.766497,SAR,O,inner,none
43.073550, -73.766666,SAR,O,inner,none
43.073477, -73.766870,SAR,O,inner,none
43.073424, -73.767013,SAR,O,inner,none
43.073327, -73.767250,SAR,O,inner,none
43.073117, -73.767788,SAR,O,inner,none
43.072923, -73.768276,SAR,O,inner,none
43.072750, -73.768708,SAR,O,inner,none
43.072557, -73.769198,SAR,O,inner,none
43.072286, -73.769877,SAR,O,inner,none
43.072072, -73.770419,SAR,O,inner,none
43.071827, -73.771040,SAR,O,inner,none
43.071643, -73.771513,SAR,O,inner,none
43.071571, -73.771683,SAR,O,inner,none
43.071498, -73.771840,SAR,O,inner,none
43.071412, -73.771980,SAR,O,inner,none
43.071313, -73.772104,SAR,O,inner,none
43.071176, -73.772227,SAR,O,inner,none
43.071055, -73.772306,SAR,O,inner,none
43.070875, -73.772383,SAR,O,inner,none
43.070718, -73.772413,SAR,O,inner,none
43.070613, -73.772411,SAR,O,inner,none
43.070535, -73.772402,SAR,O,inner,none
43.070430, -73.772377,SAR,O,inner,none
43.070318, -73.772335,SAR,O,inner,none
43.070221, -73.772285,SAR,O,inner,none
43.070124, -73.772213,SAR,O,inner,none
43.070034, -73.772134,SAR,O,inner,none
43.069952, -73.772042,SAR,O,inner,none
43.069856, -73.771905,SAR,O,inner,none
43.069780, -73.771763,SAR,O,inner,none
43.069723, -73.771628,SAR,O,inner,none
43.069667, -73.771442,SAR,O,inner,none
43.069634, -73.771278,SAR,O,inner,none
43.069615, -73.771127,SAR,O,inner,none
43.069608, -73.770967,SAR,O,inner,none
43.069617, -73.770832,SAR,O,inner,none
43.069640, -73.770640,SAR,O,inner,none
43.069668, -73.770517,SAR,O,inner,none
43.069712, -73.770369,SAR,O,inner,none
43.069743, -73.770287,SAR,O,inner,none
43.069807, -73.770187,SAR,I,outer,none
43.069954, -73.769808,SAR,I,outer,none
43.070113, -73.769402,SAR,I,outer,none
43.070283, -73.768964,SAR,I,outer,none
43.070428, -73.768594,SAR,I,outer,none
43.070636, -73.768075,SAR,I,outer,none
43.070774, -73.767720,SAR,I,outer,none
43.070981, -73.767203,SAR,I,outer,none
43.071182, -73.766697,SAR,I,outer,none
43.071363, -73.766233,SAR,I,outer,none
43.071554, -73.765763,SAR,I,outer,none
43.071701, -73.765409,SAR,I,outer,none
43.071829, -73.765154,SAR,I,outer,none
43.071920, -73.765026,SAR,I,outer,none
43.072048, -73.764897,SAR,I,outer,none
43.072172, -73.764806,SAR,I,outer,none
43.072278, -73.764751,SAR,I,outer,none
43.072413, -73.764708,SAR,I,outer,none
43.072511, -73.764688,SAR,I,outer,none
43.072622, -73.764678,SAR,I,outer,none
43.072735, -73.764696,SAR,I,outer,none
43.072836, -73.764722,SAR,I,outer,none
43.072930, -73.764762,SAR,I,outer,none
43.073054, -73.764831,SAR,I,outer,none
43.073166, -73.764921,SAR,I,outer,none
43.073253, -73.765012,SAR,I,outer,none
43.073338, -73.765122,SAR,I,outer,none
43.073420, -73.765256,SAR,I,outer,none
43.073506, -73.765442,SAR,I,outer,none
43.073569, -73.765645,SAR,I,outer,none
43.073608, -73.765840,SAR,I,outer,none
43.073624, -73.766038,SAR,I,outer,none
43.073613, -73.766306,SAR,I,outer,none
43.073569, -73.766548,SAR,I,outer,none
43.073511, -73.766728,SAR,I,outer,none
43.073452, -73.766880,SAR,I,outer,none
43.073222, -73.767470,SAR,I,outer,none
43.072976, -73.768091,SAR,I,outer,none
43.072751, -73.768658,SAR,I,outer,none
43.072551, -73.769165,SAR,I,outer,none
43.072337, -73.769709,SAR,I,outer,none
43.072102, -73.770290,SAR,I,outer,none
43.071923, -73.770754,SAR,I,outer,none
43.071742, -73.771206,SAR,I,outer,none
43.071613, -73.771519,SAR,I,outer,none
43.071554, -73.771657,SAR,I,outer,none
43.071450, -73.771865,SAR,I,outer,none
43.071341, -73.772023,SAR,I,outer,none
43.071232, -73.772142,SAR,I,outer,none
43.071107, -73.772238,SAR,I,outer,none
43.071001, -73.772300,SAR,I,outer,none
43.070869, -73.772356,SAR,I,outer,none
43.070749, -73.772379,SAR,I,outer,none
43.070615, -73.772384,SAR,I,outer,none
43.070543, -73.772377,SAR,I,outer,none
43.070406, -73.772343,SAR,I,outer,none
43.070331, -73.772315,SAR,I,outer,none
43.070181, -73.772224,SAR,I,outer,none
43.070046, -73.772109,SAR,I,outer,none
43.069948, -73.771996,SAR,I,outer,none
43.069824, -73.771802,SAR,I,outer,none
43.069744, -73.771622,SAR,I,outer,none
43.069690, -73.771453,SAR,I,outer,none
43.069650, -73.771254,SAR,I,outer,none
43.069629, -73.771033,SAR,I,outer,none
43.069642, -73.770772,SAR,I,outer,none
43.069676, -73.770569,SAR,I,outer,none
43.069726, -73.770397,SAR,I,outer,none
43.069766, -73.770288,SAR,I,outer,none
43.069981, -73.770272,SAR,I,inner2,none
43.070151, -73.769841,SAR,I,inner2,none
43.070368, -73.769289,SAR,I,inner2,none
43.070583, -73.768740,SAR,I,inner2,none
43.070751, -73.768316,SAR,I,inner2,none
43.070978, -73.767741,SAR,I,inner2,none
43.071265, -73.767014,SAR,I,inner2,none
43.071422, -73.766614,SAR,I,inner2,none
43.071627, -73.766094,SAR,I,inner2,none
43.071813, -73.765622,SAR,I,inner2,none
43.071861, -73.765501,SAR,I,inner2,none
43.071939, -73.765336,SAR,I,inner2,none
43.072022, -73.765203,SAR,I,inner2,none
43.072104, -73.765108,SAR,I,inner2,none
43.072169, -73.765045,SAR,I,inner2,none
43.072271, -73.764970,SAR,I,inner2,none
43.072350, -73.764928,SAR,I,inner2,none
43.072448, -73.764896,SAR,I,inner2,none
43.072523, -73.764881,SAR,I,inner2,none
43.072620, -73.764870,SAR,I,inner2,none
43.072707, -73.764878,SAR,I,inner2,none
43.072801, -73.764899,SAR,I,inner2,none
43.072893, -73.764937,SAR,I,inner2,none
43.072980, -73.764983,SAR,I,inner2,none
43.073093, -73.765072,SAR,I,inner2,none
43.073194, -73.765180,SAR,I,inner2,none
43.073280, -73.765303,SAR,I,inner2,none
43.073342, -73.765425,SAR,I,inner2,none
43.073400, -73.765583,SAR,I,inner2,none
43.073440, -73.765762,SAR,I,inner2,none
43.073461, -73.765910,SAR,I,inner2,none
43.073463, -73.766099,SAR,I,inner2,none
43.073443, -73.766283,SAR,I,inner2,none
43.073401, -73.766460,SAR,I,inner2,none
43.073343, -73.766629,SAR,I,inner2,none
43.073172, -73.767059,SAR,I,inner2,none
43.072922, -73.767688,SAR,I,inner2,none
43.072683, -73.768293,SAR,I,inner2,none
43.072465, -73.768845,SAR,I,inner2,none
43.072214, -73.769474,SAR,I,inner2,none
43.072044, -73.769907,SAR,I,inner2,none
43.071792, -73.770544,SAR,I,inner2,none
43.071542, -73.771171,SAR,I,inner2,none
43.071362, -73.771632,SAR,I,inner2,none
43.071300, -73.771761,SAR,I,inner2,none
43.071205, -73.771895,SAR,I,inner2,none
43.071076, -73.772032,SAR,I,inner2,none
43.070954, -73.772114,SAR,I,inner2,none
43.070823, -73.772171,SAR,I,inner2,none
43.070684, -73.772197,SAR,I,inner2,none
43.070546, -73.772200,SAR,I,inner2,none
43.070412, -73.772163,SAR,I,inner2,none
43.070284, -73.772095,SAR,I,inner2,none
43.070164, -73.772005,SAR,I,inner2,none
43.070037, -73.771863,SAR,I,inner2,none
43.069951, -73.771721,SAR,I,inner2,none
43.069893, -73.771588,SAR,I,inner2,none
43.069832, -73.771396,SAR,I,inner2,none
43.069810, -73.771286,SAR,I,inner2,none
43.069793, -73.771102,SAR,I,inner2,none
43.069796, -73.770929,SAR,I,inner2,none
43.069816, -73.770763,SAR,I,inner2,none
43.069846, -73.770636,SAR,I,inner2,none
43.069878, -73.770534,SAR,I,inner2,none
43.069935, -73.770390,SAR,I,inner2,none
43.069979, -73.770404,SAR,I,inner,none
43.070170, -73.769920,SAR,I,inner,none
43.070321, -73.769540,SAR,I,inner,none
43.070484, -73.769122,SAR,I,inner,none
43.070674, -73.768644,SAR,I,inner,none
43.070839, -73.768232,SAR,I,inner,none
43.071027, -73.767754,SAR,I,inner,none
43.071220, -73.767260,SAR,I,inner,none
43.071415, -73.766766,SAR,I,inner,none
43.071569, -73.766380,SAR,I,inner,none
43.071769, -73.765873,SAR,I,inner,none
43.071873, -73.765606,SAR,I,inner,none
43.071919, -73.765499,SAR,I,inner,none
43.071980, -73.765376,SAR,I,inner,none
43.072051, -73.765273,SAR,I,inner,none
43.072105, -73.765207,SAR,I,inner,none
43.072183, -73.765130,SAR,I,inner,none
43.072223, -73.765091,SAR,I,inner,none
43.072300, -73.765035,SAR,I,inner,none
43.072362, -73.765001,SAR,I,inner,none
43.072480, -73.764959,SAR,I,inner,none
43.072589, -73.764943,SAR,I,inner,none
43.072645, -73.764949,SAR,I,inner,none
43.072737, -73.764953,SAR,I,inner,none
43.072816, -73.764973,SAR,I,inner,none
43.072923, -73.765026,SAR,I,inner,none
43.073004, -73.765061,SAR,I,inner,none
43.073081, -73.765115,SAR,I,inner,none
43.073079, -73.765121,SAR,I,inner,none
43.073151, -73.765198,SAR,I,inner,none
43.073228, -73.765297,SAR,I,inner,none
43.073297, -73.765431,SAR,I,inner,none
43.073351, -73.765542,SAR,I,inner,none
43.073393, -73.765696,SAR,I,inner,none
43.073418, -73.765821,SAR,I,inner,none
43.073434, -73.765995,SAR,I,inner,none
43.073425, -73.766185,SAR,I,inner,none
43.073404, -73.766317,SAR,I,inner,none
43.073374, -73.766435,SAR,I,inner,none
43.073328, -73.766574,SAR,I,inner,none
43.073281, -73.766692,SAR,I,inner,none
43.073209, -73.766871,SAR,I,inner,none
43.072911, -73.767612,SAR,I,inner,none
43.072677, -73.768197,SAR,I,inner,none
43.072417, -73.768856,SAR,I,inner,none
43.072182, -73.769455,SAR,I,inner,none
43.072000, -73.769913,SAR,I,inner,none
43.071843, -73.770311,SAR,I,inner,none
43.071737, -73.770584,SAR,I,inner,none
43.071513, -73.771153,SAR,I,inner,none
43.071374, -73.771503,SAR,I,inner,none
43.071308, -73.771665,SAR,I,inner,none
43.071231, -73.771799,SAR,I,inner,none
43.071182, -73.771862,SAR,I,inner,none
43.071084, -73.771970,SAR,I,inner,none
43.071003, -73.772032,SAR,I,inner,none
43.070895, -73.772095,SAR,I,inner,none
43.070751, -73.772140,SAR,I,inner,none
43.070640, -73.772153,SAR,I,inner,none
43.070494, -73.772140,SAR,I,inner,none
43.070383, -73.772100,SAR,I,inner,none
43.070301, -73.772057,SAR,I,inner,none
43.070185, -73.771969,SAR,I,inner,none
43.070083, -73.771859,SAR,I,inner,none
43.070003, -73.771736,SAR,I,inner,none
43.069940, -73.771607,SAR,I,inner,none
43.069886, -73.771464,SAR,I,inner,none
43.069851, -73.771322,SAR,I,inner,none
43.069827, -73.771113,SAR,I,inner,none
43.069827, -73.770961,SAR,I,inner,none
43.069853, -73.770755,SAR,I,inner,none
43.069894, -73.770601,SAR,I,inner,none
43.069952, -73.770434,SAR,I,inner,none
43.071812, -73.770382,SAR,O,finish_line,NA
43.072497, -73.770870,SAR,O,finish_line,NA
43.071812, -73.770382,SAR,I,finish_line,NA
43.072497, -73.770870,SAR,I,finish_line,NA
43.071812, -73.770382,SAR,D,finish_line,NA
43.072497, -73.770870,SAR,D,finish_line,NA
43.071163, -73.769682,SAR,extra,lake,NA
43.071221, -73.769521,SAR,extra,lake,NA
43.071339, -73.769286,SAR,extra,lake,NA
43.071377, -73.769206,SAR,extra,lake,NA
43.071411, -73.769046,SAR,extra,lake,NA
43.071450, -73.768826,SAR,extra,lake,NA
43.071481, -73.768615,SAR,extra,lake,NA
43.071504, -73.768453,SAR,extra,lake,NA
43.071524, -73.768394,SAR,extra,lake,NA
43.071541, -73.768373,SAR,extra,lake,NA
43.071562, -73.768368,SAR,extra,lake,NA
43.071585, -73.768380,SAR,extra,lake,NA
43.071603, -73.768399,SAR,extra,lake,NA
43.071624, -73.768435,SAR,extra,lake,NA
43.071664, -73.768484,SAR,extra,lake,NA
43.071702, -73.768520,SAR,extra,lake,NA
43.071736, -73.768536,SAR,extra,lake,NA
43.071775, -73.768544,SAR,extra,lake,NA
43.071815, -73.768539,SAR,extra,lake,NA
43.071873, -73.768536,SAR,extra,lake,NA
43.071925, -73.768546,SAR,extra,lake,NA
43.071962, -73.768569,SAR,extra,lake,NA
43.071971, -73.768601,SAR,extra,lake,NA
43.071980, -73.768652,SAR,extra,lake,NA
43.071974, -73.768727,SAR,extra,lake,NA
43.071956, -73.768800,SAR,extra,lake,NA
43.071904, -73.768988,SAR,extra,lake,NA
43.071851, -73.769137,SAR,extra,lake,NA
43.071750, -73.769417,SAR,extra,lake,NA
43.071684, -73.769610,SAR,extra,lake,NA
43.071674, -73.769655,SAR,extra,lake,NA
43.071660, -73.769758,SAR,extra,lake,NA
43.071654, -73.769819,SAR,extra,lake,NA
43.071629, -73.769884,SAR,extra,lake,NA
43.071589, -73.769982,SAR,extra,lake,NA
43.071545, -73.770071,SAR,extra,lake,NA
43.071503, -73.770137,SAR,extra,lake,NA
43.071469, -73.770174,SAR,extra,lake,NA
43.071432, -73.770196,SAR,extra,lake,NA
43.071394, -73.770191,SAR,extra,lake,NA
43.071351, -73.770163,SAR,extra,lake,NA
43.071310, -73.770119,SAR,extra,lake,NA
43.071264, -73.770045,SAR,extra,lake,NA
43.071186, -73.769909,SAR,extra,lake,NA
43.071158, -73.769836,SAR,extra,lake,NA
43.071152, -73.769791,SAR,extra,lake,NA
43.071151, -73.769752,SAR,extra,lake,NA
43.071161, -73.769688,SAR,extra,lake,NA
40.713843, -73.722358,BEL,D,finish_line,NA
40.713069, -73.722697,BEL,D,finish_line,NA
40.713843, -73.722358,BEL,O,finish_line,NA
40.713069, -73.722697,BEL,O,finish_line,NA
40.713843, -73.722358,BEL,I,finish_line,NA
40.713069, -73.722697,BEL,I,finish_line,NA
40.671581, -73.831405,AQU,I,finish_line,NA
40.671509, -73.831072,AQU,I,finish_line,NA
40.671598, -73.831409,AQU,O,finish_line,NA
40.671683, -73.831787,AQU,O,finish_line,NA
40.671696, -73.831785,AQU,D,finish_line,NA
40.671774, -73.832123,AQU,D,finish_line,NA
40.667743, -73.830053,AQU,D,outer,direct
40.666775, -73.830491,AQU,D,outer,direct
40.666620, -73.830172,AQU,D,outer,direct
40.667670, -73.829732,AQU,D,outer,direct
40.668120, -73.829525,AQU,D,outer,direct
40.668400, -73.829398,AQU,D,outer,direct
40.668802, -73.829210,AQU,D,outer,direct
40.669427, -73.828923,AQU,D,outer,partial
40.670803, -73.828290,AQU,D,outer,none
40.671237, -73.828089,AQU,D,outer,none
40.671515, -73.827960,AQU,D,outer,none
40.671981, -73.827747,AQU,D,outer,none
40.672294, -73.827602,AQU,D,outer,none
40.672693, -73.827421,AQU,D,outer,none
40.672980, -73.827290,AQU,D,outer,none
40.673506, -73.827046,AQU,D,outer,none
40.673802, -73.826916,AQU,D,outer,none
40.673864, -73.826891,AQU,D,outer,none
40.673976, -73.826863,AQU,D,outer,none
40.674084, -73.826836,AQU,D,outer,none
40.674196, -73.826818,AQU,D,outer,none
40.674311, -73.826812,AQU,D,outer,none
40.674397, -73.826823,AQU,D,outer,none
40.674508, -73.826837,AQU,D,outer,none
40.674641, -73.826875,AQU,D,outer,none
40.674752, -73.826923,AQU,D,outer,none
40.674863, -73.826983,AQU,D,outer,none
40.674968, -73.827053,AQU,D,outer,none
40.675088, -73.827148,AQU,D,outer,none
40.675178, -73.827232,AQU,D,outer,none
40.675269, -73.827331,AQU,D,outer,none
40.675381, -73.827477,AQU,D,outer,none
40.675451, -73.827593,AQU,D,outer,none
40.675517, -73.827707,AQU,D,outer,none
40.675573, -73.827826,AQU,D,outer,none
40.675657, -73.828058,AQU,D,outer,none
40.675701, -73.828201,AQU,D,outer,none
40.675737, -73.828367,AQU,D,outer,none
40.675769, -73.828586,AQU,D,outer,none
40.675780, -73.828748,AQU,D,outer,none
40.675780, -73.828954,AQU,D,outer,none
40.675767, -73.829129,AQU,D,outer,none
40.675746, -73.829284,AQU,D,outer,none
40.675709, -73.829472,AQU,D,outer,none
40.675681, -73.829575,AQU,D,outer,none
40.675629, -73.829745,AQU,D,outer,none
40.675569, -73.829893,AQU,D,outer,none
40.675496, -73.830043,AQU,D,outer,none
40.675414, -73.830182,AQU,D,outer,none
40.675327, -73.830307,AQU,D,outer,none
40.675262, -73.830384,AQU,D,outer,none
40.675160, -73.830478,AQU,D,outer,none
40.675051, -73.830559,AQU,D,outer,none
40.674965, -73.830617,AQU,D,outer,none
40.674846, -73.830693,AQU,D,outer,none
40.674796, -73.830725,AQU,D,outer,none
40.674692, -73.830775,AQU,D,outer,none
40.674577, -73.830828,AQU,D,outer,none
40.674474, -73.830875,AQU,D,outer,none
40.674218, -73.830994,AQU,D,outer,none
40.673020, -73.831546,AQU,D,outer,none
40.672601, -73.831740,AQU,D,outer,none
40.672187, -73.831928,AQU,D,outer,none
40.672029, -73.832005,AQU,D,outer,none
40.671870, -73.832079,AQU,D,outer,none
40.671712, -73.832150,AQU,D,outer,none
40.671461, -73.832263,AQU,D,outer,none
40.671157, -73.832405,AQU,D,outer,none
40.671034, -73.832459,AQU,D,outer,none
40.670866, -73.832525,AQU,D,outer,none
40.670750, -73.832570,AQU,D,outer,none
40.670627, -73.832596,AQU,D,outer,none
40.670537, -73.832612,AQU,D,outer,none
40.670467, -73.832620,AQU,D,outer,none
40.670427, -73.832628,AQU,D,outer,none
40.670389, -73.832630,AQU,D,outer,none
40.670336, -73.832654,AQU,D,outer,none
40.670293, -73.832654,AQU,D,outer,none
40.670229, -73.832643,AQU,D,outer,none
40.670171, -73.832631,AQU,D,outer,none
40.670028, -73.832550,AQU,D,outer,none
40.669955, -73.832515,AQU,D,outer,none
40.669879, -73.832476,AQU,D,outer,none
40.669804, -73.832430,AQU,D,outer,none
40.669731, -73.832383,AQU,D,outer,none
40.669660, -73.832326,AQU,D,outer,none
40.669589, -73.832269,AQU,D,outer,none
40.669523, -73.832204,AQU,D,outer,none
40.669459, -73.832137,AQU,D,outer,none
40.669399, -73.832065,AQU,D,outer,none
40.669340, -73.831987,AQU,D,outer,none
40.669304, -73.831933,AQU,D,outer,none
40.669250, -73.831851,AQU,D,outer,none
40.669201, -73.831765,AQU,D,outer,none
40.669156, -73.831675,AQU,D,outer,none
40.669110, -73.831573,AQU,D,outer,none
40.669076, -73.831486,AQU,D,outer,none
40.669041, -73.831387,AQU,D,outer,none
40.669010, -73.831287,AQU,D,outer,none
40.668983, -73.831182,AQU,D,outer,none
40.668961, -73.831079,AQU,D,outer,none
40.668939, -73.830942,AQU,D,outer,none
40.668934, -73.830903,AQU,D,outer,none
40.668919, -73.830743,AQU,D,outer,none
40.668912, -73.830563,AQU,D,outer,none
40.668920, -73.830409,AQU,D,outer,none
40.668933, -73.830262,AQU,D,outer,none
40.668960, -73.830083,AQU,D,outer,none
40.668971, -73.830020,AQU,D,outer,none
40.669023, -73.829845,AQU,D,outer,none
40.669084, -73.829686,AQU,D,outer,none
40.669110, -73.829622,AQU,D,outer,none
40.669144, -73.829564,AQU,D,outer,none
40.669247, -73.829369,AQU,D,outer,none
40.669238, -73.829358,AQU,D,outer,partial
40.669110, -73.829417,AQU,D,outer,direct
40.668261, -73.829809,AQU,D,outer,direct
40.670225, -73.828914,AQU,D,inner,none
40.670625, -73.828730,AQU,D,inner,none
40.670943, -73.828583,AQU,D,inner,none
40.671275, -73.828428,AQU,D,inner,none
40.671552, -73.828302,AQU,D,inner,none
40.671928, -73.828131,AQU,D,inner,none
40.672246, -73.827985,AQU,D,inner,none
40.672479, -73.827876,AQU,D,inner,none
40.672801, -73.827729,AQU,D,inner,none
40.673084, -73.827598,AQU,D,inner,none
40.673400, -73.827453,AQU,D,inner,none
40.673707, -73.827312,AQU,D,inner,none
40.673882, -73.827236,AQU,D,inner,none
40.673983, -73.827197,AQU,D,inner,none
40.674056, -73.827177,AQU,D,inner,none
40.674139, -73.827160,AQU,D,inner,none
40.674248, -73.827154,AQU,D,inner,none
40.674336, -73.827155,AQU,D,inner,none
40.674408, -73.827163,AQU,D,inner,none
40.674493, -73.827180,AQU,D,inner,none
40.674595, -73.827209,AQU,D,inner,none
40.674652, -73.827231,AQU,D,inner,none
40.674739, -73.827270,AQU,D,inner,none
40.674809, -73.827308,AQU,D,inner,none
40.674864, -73.827344,AQU,D,inner,none
40.674940, -73.827401,AQU,D,inner,none
40.675037, -73.827487,AQU,D,inner,none
40.675131, -73.827588,AQU,D,inner,none
40.675212, -73.827691,AQU,D,inner,none
40.675296, -73.827826,AQU,D,inner,none
40.675373, -73.827975,AQU,D,inner,none
40.675432, -73.828120,AQU,D,inner,none
40.675484, -73.828294,AQU,D,inner,none
40.675506, -73.828386,AQU,D,inner,none
40.675528, -73.828512,AQU,D,inner,none
40.675545, -73.828644,AQU,D,inner,none
40.675553, -73.828802,AQU,D,inner,none
40.675548, -73.828972,AQU,D,inner,none
40.675537, -73.829095,AQU,D,inner,none
40.675521, -73.829199,AQU,D,inner,none
40.675492, -73.829344,AQU,D,inner,none
40.675465, -73.829447,AQU,D,inner,none
40.675441, -73.829523,AQU,D,inner,none
40.675390, -73.829655,AQU,D,inner,none
40.675333, -73.829775,AQU,D,inner,none
40.675271, -73.829883,AQU,D,inner,none
40.675191, -73.829997,AQU,D,inner,none
40.675147, -73.830051,AQU,D,inner,none
40.675062, -73.830151,AQU,D,inner,none
40.674963, -73.830245,AQU,D,inner,none
40.674870, -73.830318,AQU,D,inner,none
40.674798, -73.830365,AQU,D,inner,none
40.674696, -73.830417,AQU,D,inner,none
40.674601, -73.830462,AQU,D,inner,none
40.674217, -73.830640,AQU,D,inner,none
40.673750, -73.830854,AQU,D,inner,none
40.673435, -73.831001,AQU,D,inner,none
40.673037, -73.831184,AQU,D,inner,none
40.672685, -73.831346,AQU,D,inner,none
40.672273, -73.831536,AQU,D,inner,none
40.671920, -73.831700,AQU,D,inner,none
40.671592, -73.831851,AQU,D,inner,none
40.671153, -73.832054,AQU,D,inner,none
40.670911, -73.832166,AQU,D,inner,none
40.670812, -73.832207,AQU,D,inner,none
40.670703, -73.832242,AQU,D,inner,none
40.670612, -73.832266,AQU,D,inner,none
40.670511, -73.832283,AQU,D,inner,none
40.670419, -73.832287,AQU,D,inner,none
40.670328, -73.832285,AQU,D,inner,none
40.670256, -73.832275,AQU,D,inner,none
40.670181, -73.832258,AQU,D,inner,none
40.670089, -73.832228,AQU,D,inner,none
40.670007, -73.832195,AQU,D,inner,none
40.669891, -73.832136,AQU,D,inner,none
40.669770, -73.832052,AQU,D,inner,none
40.669691, -73.831987,AQU,D,inner,none
40.669586, -73.831879,AQU,D,inner,none
40.669502, -73.831776,AQU,D,inner,none
40.669431, -73.831670,AQU,D,inner,none
40.669360, -73.831547,AQU,D,inner,none
40.669299, -73.831416,AQU,D,inner,none
40.669244, -73.831269,AQU,D,inner,none
40.669229, -73.831217,AQU,D,inner,none
40.669189, -73.831065,AQU,D,inner,none
40.669164, -73.830929,AQU,D,inner,none
40.669153, -73.830854,AQU,D,inner,none
40.669142, -73.830707,AQU,D,inner,none
40.669138, -73.830591,AQU,D,inner,none
40.669140, -73.830516,AQU,D,inner,none
40.669147, -73.830403,AQU,D,inner,none
40.669165, -73.830263,AQU,D,inner,none
40.669195, -73.830105,AQU,D,inner,none
40.669239, -73.829946,AQU,D,inner,none
40.669308, -73.829763,AQU,D,inner,none
40.669361, -73.829651,AQU,D,inner,none
40.669417, -73.829553,AQU,D,inner,none
40.669495, -73.829436,AQU,D,inner,none
40.669603, -73.829305,AQU,D,inner,none
40.669712, -73.829196,AQU,D,inner,none
40.669779, -73.829142,AQU,D,inner,none
40.669903, -73.829066,AQU,D,inner,none
40.669981, -73.829026,AQU,D,inner,none
40.670544, -73.828821,AQU,O,outer,none
40.670738, -73.828733,AQU,O,outer,none
40.671324, -73.828465,AQU,O,outer,none
40.671902, -73.828200,AQU,O,outer,none
40.672263, -73.828031,AQU,O,outer,none
40.672546, -73.827901,AQU,O,outer,none
40.672858, -73.827759,AQU,O,outer,none
40.673143, -73.827628,AQU,O,outer,none
40.673429, -73.827496,AQU,O,outer,none
40.673504, -73.827461,AQU,O,outer,none
40.673662, -73.827388,AQU,O,outer,none
40.673813, -73.827319,AQU,O,outer,none
40.673950, -73.827262,AQU,O,outer,none
40.674034, -73.827233,AQU,O,outer,none
40.674116, -73.827215,AQU,O,outer,none
40.674199, -73.827205,AQU,O,outer,none
40.674282, -73.827200,AQU,O,outer,none
40.674374, -73.827204,AQU,O,outer,none
40.674459, -73.827214,AQU,O,outer,none
40.674554, -73.827232,AQU,O,outer,none
40.674673, -73.827273,AQU,O,outer,none
40.674744, -73.827305,AQU,O,outer,none
40.674841, -73.827359,AQU,O,outer,none
40.674935, -73.827425,AQU,O,outer,none
40.675005, -73.827485,AQU,O,outer,none
40.675093, -73.827571,AQU,O,outer,none
40.675164, -73.827659,AQU,O,outer,none
40.675250, -73.827778,AQU,O,outer,none
40.675312, -73.827895,AQU,O,outer,none
40.675372, -73.828021,AQU,O,outer,none
40.675416, -73.828131,AQU,O,outer,none
40.675464, -73.828289,AQU,O,outer,none
40.675498, -73.828440,AQU,O,outer,none
40.675525, -73.828632,AQU,O,outer,none
40.675532, -73.828775,AQU,O,outer,none
40.675532, -73.828889,AQU,O,outer,none
40.675522, -73.829051,AQU,O,outer,none
40.675496, -73.829231,AQU,O,outer,none
40.675432, -73.829474,AQU,O,outer,none
40.675373, -73.829636,AQU,O,outer,none
40.675330, -73.829732,AQU,O,outer,none
40.675247, -73.829882,AQU,O,outer,none
40.675118, -73.830055,AQU,O,outer,none
40.675049, -73.830133,AQU,O,outer,none
40.674996, -73.830184,AQU,O,outer,none
40.674891, -73.830273,AQU,O,outer,none
40.674792, -73.830338,AQU,O,outer,none
40.674692, -73.830389,AQU,O,outer,none
40.674568, -73.830448,AQU,O,outer,none
40.674273, -73.830584,AQU,O,outer,none
40.673967, -73.830723,AQU,O,outer,none
40.673538, -73.830921,AQU,O,outer,none
40.673100, -73.831124,AQU,O,outer,none
40.672809, -73.831258,AQU,O,outer,none
40.672454, -73.831421,AQU,O,outer,none
40.672149, -73.831561,AQU,O,outer,none
40.671821, -73.831713,AQU,O,outer,none
40.671511, -73.831855,AQU,O,outer,none
40.671177, -73.832009,AQU,O,outer,none
40.670984, -73.832097,AQU,O,outer,none
40.670868, -73.832145,AQU,O,outer,none
40.670743, -73.832191,AQU,O,outer,none
40.670637, -73.832217,AQU,O,outer,none
40.670539, -73.832233,AQU,O,outer,none
40.670423, -73.832240,AQU,O,outer,none
40.670340, -73.832233,AQU,O,outer,none
40.670228, -73.832216,AQU,O,outer,none
40.670092, -73.832174,AQU,O,outer,none
40.669954, -73.832111,AQU,O,outer,none
40.669846, -73.832038,AQU,O,outer,none
40.669704, -73.831917,AQU,O,outer,none
40.669604, -73.831806,AQU,O,outer,none
40.669513, -73.831683,AQU,O,outer,none
40.669459, -73.831590,AQU,O,outer,none
40.669396, -73.831465,AQU,O,outer,none
40.669348, -73.831350,AQU,O,outer,none
40.669305, -73.831219,AQU,O,outer,none
40.669257, -73.831030,AQU,O,outer,none
40.669237, -73.830914,AQU,O,outer,none
40.669213, -73.830715,AQU,O,outer,none
40.669208, -73.830557,AQU,O,outer,none
40.669208, -73.830383,AQU,O,outer,none
40.669226, -73.830175,AQU,O,outer,none
40.669262, -73.830002,AQU,O,outer,none
40.669315, -73.829835,AQU,O,outer,none
40.669383, -73.829674,AQU,O,outer,none
40.669446, -73.829565,AQU,O,outer,none
40.669500, -73.829480,AQU,O,outer,none
40.669633, -73.829327,AQU,O,outer,none
40.669800, -73.829187,AQU,O,outer,none
40.669897, -73.829123,AQU,O,outer,none
40.670113, -73.829022,AQU,O,outer,none
40.670370, -73.828903,AQU,O,outer,none
40.670713, -73.829223,AQU,O,inner,none
40.671152, -73.829010,AQU,O,inner,none
40.671471, -73.828852,AQU,O,inner,none
40.671777, -73.828700,AQU,O,inner,none
40.672208, -73.828491,AQU,O,inner,none
40.672629, -73.828283,AQU,O,inner,none
40.673044, -73.828083,AQU,O,inner,none
40.673396, -73.827908,AQU,O,inner,none
40.673780, -73.827720,AQU,O,inner,none
40.673849, -73.827686,AQU,O,inner,none
40.673959, -73.827637,AQU,O,inner,none
40.674053, -73.827602,AQU,O,inner,none
40.674149, -73.827574,AQU,O,inner,none
40.674226, -73.827560,AQU,O,inner,none
40.674306, -73.827555,AQU,O,inner,none
40.674401, -73.827557,AQU,O,inner,none
40.674504, -73.827578,AQU,O,inner,none
40.674581, -73.827601,AQU,O,inner,none
40.674651, -73.827631,AQU,O,inner,none
40.674735, -73.827676,AQU,O,inner,none
40.674811, -73.827730,AQU,O,inner,none
40.674885, -73.827797,AQU,O,inner,none
40.674963, -73.827879,AQU,O,inner,none
40.675053, -73.828002,AQU,O,inner,none
40.675108, -73.828095,AQU,O,inner,none
40.675167, -73.828221,AQU,O,inner,none
40.675199, -73.828310,AQU,O,inner,none
40.675212, -73.828349,AQU,O,inner,none
40.675244, -73.828478,AQU,O,inner,none
40.675268, -73.828638,AQU,O,inner,none
40.675278, -73.828789,AQU,O,inner,none
40.675273, -73.828920,AQU,O,inner,none
40.675258, -73.829055,AQU,O,inner,none
40.675212, -73.829255,AQU,O,inner,none
40.675179, -73.829351,AQU,O,inner,none
40.675142, -73.829446,AQU,O,inner,none
40.675073, -73.829572,AQU,O,inner,none
40.675011, -73.829668,AQU,O,inner,none
40.674949, -73.829747,AQU,O,inner,none
40.674874, -73.829823,AQU,O,inner,none
40.674786, -73.829898,AQU,O,inner,none
40.674632, -73.829997,AQU,O,inner,none
40.674489, -73.830069,AQU,O,inner,none
40.674157, -73.830222,AQU,O,inner,none
40.673948, -73.830319,AQU,O,inner,none
40.673618, -73.830471,AQU,O,inner,none
40.673340, -73.830597,AQU,O,inner,none
40.673090, -73.830714,AQU,O,inner,none
40.672748, -73.830873,AQU,O,inner,none
40.672407, -73.831029,AQU,O,inner,none
40.672182, -73.831134,AQU,O,inner,none
40.671908, -73.831260,AQU,O,inner,none
40.671544, -73.831427,AQU,O,inner,none
40.671231, -73.831571,AQU,O,inner,none
40.671010, -73.831673,AQU,O,inner,none
40.670874, -73.831735,AQU,O,inner,none
40.670782, -73.831774,AQU,O,inner,none
40.670675, -73.831812,AQU,O,inner,none
40.670573, -73.831838,AQU,O,inner,none
40.670484, -73.831850,AQU,O,inner,none
40.670400, -73.831852,AQU,O,inner,none
40.670275, -73.831833,AQU,O,inner,none
40.670143, -73.831790,AQU,O,inner,none
40.670076, -73.831754,AQU,O,inner,none
40.669956, -73.831676,AQU,O,inner,none
40.669882, -73.831609,AQU,O,inner,none
40.669784, -73.831497,AQU,O,inner,none
40.669717, -73.831396,AQU,O,inner,none
40.669636, -73.831236,AQU,O,inner,none
40.669586, -73.831096,AQU,O,inner,none
40.669555, -73.830978,AQU,O,inner,none
40.669526, -73.830793,AQU,O,inner,none
40.669522, -73.830642,AQU,O,inner,none
40.669529, -73.830484,AQU,O,inner,none
40.669545, -73.830376,AQU,O,inner,none
40.669597, -73.830172,AQU,O,inner,none
40.669651, -73.830039,AQU,O,inner,none
40.669721, -73.829905,AQU,O,inner,none
40.669799, -73.829797,AQU,O,inner,none
40.669876, -73.829712,AQU,O,inner,none
40.669957, -73.829637,AQU,O,inner,none
40.670010, -73.829593,AQU,O,inner,none
40.670103, -73.829533,AQU,O,inner,none
40.670213, -73.829470,AQU,O,inner,none
40.670324, -73.829413,AQU,O,inner,none
40.670656, -73.829272,AQU,I,outer,none
40.670943, -73.829131,AQU,I,outer,none
40.671242, -73.828982,AQU,I,outer,none
40.671527, -73.828842,AQU,I,outer,none
40.671939, -73.828646,AQU,I,outer,none
40.672413, -73.828413,AQU,I,outer,none
40.672866, -73.828194,AQU,I,outer,none
40.673241, -73.828006,AQU,I,outer,none
40.673552, -73.827861,AQU,I,outer,none
40.673878, -73.827704,AQU,I,outer,none
40.674008, -73.827641,AQU,I,outer,none
40.674142, -73.827601,AQU,I,outer,none
40.674294, -73.827579,AQU,I,outer,none
40.674415, -73.827590,AQU,I,outer,none
40.674516, -73.827616,AQU,I,outer,none
40.674611, -73.827645,AQU,I,outer,none
40.674719, -73.827702,AQU,I,outer,none
40.674791, -73.827752,AQU,I,outer,none
40.674865, -73.827820,AQU,I,outer,none
40.674942, -73.827904,AQU,I,outer,none
40.675026, -73.828017,AQU,I,outer,none
40.675097, -73.828144,AQU,I,outer,none
40.675151, -73.828252,AQU,I,outer,none
40.675189, -73.828360,AQU,I,outer,none
40.675224, -73.828503,AQU,I,outer,none
40.675250, -73.828691,AQU,I,outer,none
40.675254, -73.828867,AQU,I,outer,none
40.675234, -73.829056,AQU,I,outer,none
40.675194, -73.829241,AQU,I,outer,none
40.675157, -73.829357,AQU,I,outer,none
40.675085, -73.829512,AQU,I,outer,none
40.674998, -73.829653,AQU,I,outer,none
40.674922, -73.829745,AQU,I,outer,none
40.674809, -73.829854,AQU,I,outer,none
40.674706, -73.829929,AQU,I,outer,none
40.674567, -73.830006,AQU,I,outer,none
40.674314, -73.830126,AQU,I,outer,none
40.674060, -73.830246,AQU,I,outer,none
40.673670, -73.830422,AQU,I,outer,none
40.673297, -73.830597,AQU,I,outer,none
40.672914, -73.830773,AQU,I,outer,none
40.672491, -73.830968,AQU,I,outer,none
40.672122, -73.831139,AQU,I,outer,none
40.671759, -73.831304,AQU,I,outer,none
40.671420, -73.831459,AQU,I,outer,none
40.670968, -73.831671,AQU,I,outer,none
40.670810, -73.831742,AQU,I,outer,none
40.670678, -73.831789,AQU,I,outer,none
40.670492, -73.831829,AQU,I,outer,none
40.670362, -73.831826,AQU,I,outer,none
40.670259, -73.831807,AQU,I,outer,none
40.670019, -73.831694,AQU,I,outer,none
40.669852, -73.831554,AQU,I,outer,none
40.669748, -73.831415,AQU,I,outer,none
40.669664, -73.831257,AQU,I,outer,none
40.669599, -73.831081,AQU,I,outer,none
40.669567, -73.830961,AQU,I,outer,none
40.669540, -73.830742,AQU,I,outer,none
40.669539, -73.830601,AQU,I,outer,none
40.669569, -73.830351,AQU,I,outer,none
40.669626, -73.830147,AQU,I,outer,none
40.669698, -73.829984,AQU,I,outer,none
40.669802, -73.829821,AQU,I,outer,none
40.669926, -73.829686,AQU,I,outer,none
40.670042, -73.829590,AQU,I,outer,none
40.670131, -73.829547,AQU,I,outer,none
40.670296, -73.829461,AQU,I,outer,none
40.670350, -73.829721,AQU,I,inner,none
40.670559, -73.829624,AQU,I,inner,none
40.670868, -73.829482,AQU,I,inner,none
40.671161, -73.829344,AQU,I,inner,none
40.671419, -73.829220,AQU,I,inner,none
40.671636, -73.829114,AQU,I,inner,none
40.671850, -73.829007,AQU,I,inner,none
40.672053, -73.828902,AQU,I,inner,none
40.672260, -73.828791,AQU,I,inner,none
40.672506, -73.828668,AQU,I,inner,none
40.672701, -73.828577,AQU,I,inner,none
40.672868, -73.828497,AQU,I,inner,none
40.673075, -73.828394,AQU,I,inner,none
40.673279, -73.828295,AQU,I,inner,none
40.673454, -73.828211,AQU,I,inner,none
40.673637, -73.828113,AQU,I,inner,none
40.673823, -73.828031,AQU,I,inner,none
40.673956, -73.827968,AQU,I,inner,none
40.674051, -73.827934,AQU,I,inner,none
40.674171, -73.827902,AQU,I,inner,none
40.674260, -73.827891,AQU,I,inner,none
40.674370, -73.827889,AQU,I,inner,none
40.674462, -73.827906,AQU,I,inner,none
40.674546, -73.827931,AQU,I,inner,none
40.674621, -73.827973,AQU,I,inner,none
40.674693, -73.828022,AQU,I,inner,none
40.674781, -73.828113,AQU,I,inner,none
40.674843, -73.828205,AQU,I,inner,none
40.674921, -73.828339,AQU,I,inner,none
40.674964, -73.828445,AQU,I,inner,none
40.675004, -73.828585,AQU,I,inner,none
40.675025, -73.828719,AQU,I,inner,none
40.675032, -73.828882,AQU,I,inner,none
40.675007, -73.829070,AQU,I,inner,none
40.674955, -73.829235,AQU,I,inner,none
40.674895, -73.829358,AQU,I,inner,none
40.674810, -73.829486,AQU,I,inner,none
40.674702, -73.829594,AQU,I,inner,none
40.674605, -73.829666,AQU,I,inner,none
40.674512, -73.829723,AQU,I,inner,none
40.674276, -73.829855,AQU,I,inner,none
40.674138, -73.829932,AQU,I,inner,none
40.674110, -73.829938,AQU,I,inner,partial
40.674324, -73.829701,AQU,I,inner,direct
40.674604, -73.829389,AQU,I,inner,direct
40.674985, -73.828965,AQU,I,inner,direct
40.674824, -73.828714,AQU,I,inner,direct
40.674468, -73.829102,AQU,I,inner,direct
40.674014, -73.829598,AQU,I,inner,direct
40.673633, -73.830021,AQU,I,inner,direct
40.673440, -73.830221,AQU,I,inner,direct
40.673329, -73.830265,AQU,I,inner,partial
40.673136, -73.830365,AQU,I,inner,partial
40.673194, -73.830639,AQU,I,inner,direct
40.673689, -73.830407,AQU,I,inner,direct
40.672758, -73.830540,AQU,I,inner,none
40.672396, -73.830704,AQU,I,inner,none
40.672129, -73.830823,AQU,I,inner,none
40.671812, -73.830977,AQU,I,inner,none
40.671549, -73.831107,AQU,I,inner,none
40.670824, -73.831417,AQU,I,inner,none
40.670672, -73.831488,AQU,I,inner,none
40.670566, -73.831523,AQU,I,inner,none
40.670442, -73.831538,AQU,I,inner,none
40.670310, -73.831525,AQU,I,inner,none
40.670205, -73.831493,AQU,I,inner,none
40.670088, -73.831426,AQU,I,inner,none
40.669991, -73.831340,AQU,I,inner,none
40.669932, -73.831260,AQU,I,inner,none
40.669865, -73.831150,AQU,I,inner,none
40.669796, -73.830964,AQU,I,inner,none
40.669770, -73.830851,AQU,I,inner,none
40.669752, -73.830664,AQU,I,inner,none
40.669756, -73.830554,AQU,I,inner,none
40.669790, -73.830343,AQU,I,inner,none
40.669835, -73.830229,AQU,I,inner,none
40.669921, -73.830062,AQU,I,inner,none
40.670008, -73.829956,AQU,I,inner,none
40.670108, -73.829866,AQU,I,inner,none
40.670201, -73.829806,AQU,I,inner,none
40.670468, -73.830507,AQU,extra,lake1,NA
40.670463, -73.830399,AQU,extra,lake1,NA
40.670485, -73.830260,AQU,extra,lake1,NA
40.670534, -73.830130,AQU,extra,lake1,NA
40.670611, -73.830025,AQU,extra,lake1,NA
40.670663, -73.829980,AQU,extra,lake1,NA
40.670727, -73.829966,AQU,extra,lake1,NA
40.670802, -73.829960,AQU,extra,lake1,NA
40.670852, -73.829959,AQU,extra,lake1,NA
40.670972, -73.829908,AQU,extra,lake1,NA
40.671079, -73.829857,AQU,extra,lake1,NA
40.671185, -73.829812,AQU,extra,lake1,NA
40.671232, -73.829825,AQU,extra,lake1,NA
40.671286, -73.829871,AQU,extra,lake1,NA
40.671331, -73.829971,AQU,extra,lake1,NA
40.671374, -73.830147,AQU,extra,lake1,NA
40.671398, -73.830286,AQU,extra,lake1,NA
40.671367, -73.830361,AQU,extra,lake1,NA
40.671292, -73.830424,AQU,extra,lake1,NA
40.671166, -73.830481,AQU,extra,lake1,NA
40.671129, -73.830513,AQU,extra,lake1,NA
40.671100, -73.830586,AQU,extra,lake1,NA
40.671085, -73.830653,AQU,extra,lake1,NA
40.671064, -73.830694,AQU,extra,lake1,NA
40.670910, -73.830732,AQU,extra,lake1,NA
40.670711, -73.830761,AQU,extra,lake1,NA
40.670665, -73.830762,AQU,extra,lake1,NA
40.670611, -73.830743,AQU,extra,lake1,NA
40.670554, -73.830704,AQU,extra,lake1,NA
40.670514, -73.830641,AQU,extra,lake1,NA
40.670483, -73.830563,AQU,extra,lake1,NA
40.672264, -73.829515,AQU,extra,lake2,NA
40.672267, -73.829467,AQU,extra,lake2,NA
40.672275, -73.829420,AQU,extra,lake2,NA
40.672288, -73.829386,AQU,extra,lake2,NA
40.672317, -73.829357,AQU,extra,lake2,NA
40.672347, -73.829332,AQU,extra,lake2,NA
40.672402, -73.829292,AQU,extra,lake2,NA
40.672439, -73.829264,AQU,extra,lake2,NA
40.672460, -73.829242,AQU,extra,lake2,NA
40.672477, -73.829221,AQU,extra,lake2,NA
40.672520, -73.829210,AQU,extra,lake2,NA
40.672560, -73.829186,AQU,extra,lake2,NA
40.672593, -73.829161,AQU,extra,lake2,NA
40.672623, -73.829141,AQU,extra,lake2,NA
40.672659, -73.829136,AQU,extra,lake2,NA
40.672693, -73.829133,AQU,extra,lake2,NA
40.672746, -73.829122,AQU,extra,lake2,NA
40.672790, -73.829100,AQU,extra,lake2,NA
40.672826, -73.829072,AQU,extra,lake2,NA
40.672878, -73.829058,AQU,extra,lake2,NA
40.672911, -73.829060,AQU,extra,lake2,NA
40.672930, -73.829092,AQU,extra,lake2,NA
40.672928, -73.829165,AQU,extra,lake2,NA
40.672919, -73.829198,AQU,extra,lake2,NA
40.672901, -73.829221,AQU,extra,lake2,NA
40.672840, -73.829270,AQU,extra,lake2,NA
40.672756, -73.829324,AQU,extra,lake2,NA
40.672664, -73.829377,AQU,extra,lake2,NA
40.672576, -73.829426,AQU,extra,lake2,NA
40.672512, -73.829465,AQU,extra,lake2,NA
40.672470, -73.829499,AQU,extra,lake2,NA
40.672411, -73.829542,AQU,extra,lake2,NA
40.672379, -73.829558,AQU,extra,lake2,NA
40.672358, -73.829551,AQU,extra,lake2,NA
40.715171, -73.715551,BEL,D,outer,direct
40.715077, -73.715194,BEL,D,outer,direct
40.714983, -73.714777,BEL,D,outer,direct
40.715200, -73.714667,BEL,D,outer,direct
40.715306, -73.715096,BEL,D,outer,direct
40.715394, -73.715425,BEL,D,outer,direct
40.715540, -73.715987,BEL,D,outer,direct
40.715653, -73.716425,BEL,D,outer,direct
40.715764, -73.716853,BEL,D,outer,direct
40.715810, -73.717023,BEL,D,outer,partial
40.715851, -73.717177,BEL,D,outer,partial
40.716039, -73.717914,BEL,D,outer,partial
40.716206, -73.718579,BEL,D,outer,none
40.716359, -73.719184,BEL,D,outer,none
40.716660, -73.720364,BEL,D,outer,none
40.716830, -73.721036,BEL,D,outer,none
40.717024, -73.721792,BEL,D,outer,none
40.717168, -73.722352,BEL,D,outer,none
40.717285, -73.722801,BEL,D,outer,none
40.717399, -73.723239,BEL,D,outer,none
40.717547, -73.723816,BEL,D,outer,none
40.717700, -73.724410,BEL,D,outer,none
40.717753, -73.724631,BEL,D,outer,none
40.717816, -73.724895,BEL,D,outer,none
40.717855, -73.725074,BEL,D,outer,none
40.717878, -73.725310,BEL,D,outer,none
40.717884, -73.725553,BEL,D,outer,none
40.717874, -73.725779,BEL,D,outer,none
40.717858, -73.725943,BEL,D,outer,none
40.717827, -73.726164,BEL,D,outer,none
40.717794, -73.726320,BEL,D,outer,none
40.717751, -73.726470,BEL,D,outer,none
40.717684, -73.726673,BEL,D,outer,none
40.717615, -73.726842,BEL,D,outer,none
40.717529, -73.727027,BEL,D,outer,none
40.717444, -73.727175,BEL,D,outer,none
40.717378, -73.727278,BEL,D,outer,none
40.717307, -73.727375,BEL,D,outer,none
40.717198, -73.727511,BEL,D,outer,none
40.717094, -73.727620,BEL,D,outer,none
40.716945, -73.727755,BEL,D,outer,none
40.716809, -73.727856,BEL,D,outer,none
40.716669, -73.727944,BEL,D,outer,none
40.716542, -73.728007,BEL,D,outer,none
40.716439, -73.728050,BEL,D,outer,none
40.716281, -73.728097,BEL,D,outer,none
40.716181, -73.728120,BEL,D,outer,none
40.716081, -73.728136,BEL,D,outer,none
40.715968, -73.728146,BEL,D,outer,none
40.715841, -73.728143,BEL,D,outer,none
40.715759, -73.728137,BEL,D,outer,none
40.715623, -73.728117,BEL,D,outer,none
40.715549, -73.728102,BEL,D,outer,none
40.715446, -73.728074,BEL,D,outer,none
40.715356, -73.728044,BEL,D,outer,none
40.715259, -73.728007,BEL,D,outer,none
40.715164, -73.727960,BEL,D,outer,none
40.715058, -73.727900,BEL,D,outer,none
40.714907, -73.727793,BEL,D,outer,none
40.714832, -73.727730,BEL,D,outer,none
40.714772, -73.727677,BEL,D,outer,none
40.714654, -73.727556,BEL,D,outer,none
40.714541, -73.727421,BEL,D,outer,none
40.714439, -73.727272,BEL,D,outer,none
40.714353, -73.727134,BEL,D,outer,none
40.714251, -73.726944,BEL,D,outer,none
40.714171, -73.726757,BEL,D,outer,none
40.714139, -73.726680,BEL,D,outer,none
40.714065, -73.726462,BEL,D,outer,none
40.714038, -73.726375,BEL,D,outer,none
40.713971, -73.726120,BEL,D,outer,none
40.713943, -73.726018,BEL,D,outer,none
40.713852, -73.725676,BEL,D,outer,none
40.713802, -73.725473,BEL,D,outer,none
40.713724, -73.725179,BEL,D,outer,none
40.713614, -73.724759,BEL,D,outer,none
40.713496, -73.724305,BEL,D,outer,none
40.713403, -73.723952,BEL,D,outer,none
40.713300, -73.723565,BEL,D,outer,none
40.713175, -73.723084,BEL,D,outer,none
40.713109, -73.722835,BEL,D,outer,none
40.713019, -73.722489,BEL,D,outer,none
40.712931, -73.722150,BEL,D,outer,none
40.712833, -73.721779,BEL,D,outer,none
40.712726, -73.721372,BEL,D,outer,none
40.712641, -73.721048,BEL,D,outer,none
40.712532, -73.720625,BEL,D,outer,none
40.712373, -73.720024,BEL,D,outer,none
40.712320, -73.719811,BEL,D,outer,none
40.712284, -73.719617,BEL,D,outer,none
40.712260, -73.719439,BEL,D,outer,none
40.712248, -73.719306,BEL,D,outer,none
40.712240, -73.719157,BEL,D,outer,none
40.712233, -73.718950,BEL,D,outer,none
40.712229, -73.718848,BEL,D,outer,none
40.712225, -73.718750,BEL,D,outer,none
40.712231, -73.718655,BEL,D,outer,none
40.712263, -73.718630,BEL,D,outer,none
40.712274, -73.718551,BEL,D,outer,none
40.712242, -73.718520,BEL,D,outer,none
40.712247, -73.718433,BEL,D,outer,none
40.712258, -73.718223,BEL,D,outer,none
40.712269, -73.718171,BEL,D,outer,none
40.712381, -73.718005,BEL,D,outer,none
40.712464, -73.717807,BEL,D,outer,none
40.712530, -73.717651,BEL,D,outer,none
40.712596, -73.717513,BEL,D,outer,none
40.712653, -73.717413,BEL,D,outer,none
40.712706, -73.717323,BEL,D,outer,none
40.712811, -73.717181,BEL,D,outer,none
40.712913, -73.717048,BEL,D,outer,none
40.713027, -73.716923,BEL,D,outer,none
40.713184, -73.716781,BEL,D,outer,none
40.713303, -73.716693,BEL,D,outer,none
40.713423, -73.716619,BEL,D,outer,none
40.713512, -73.716571,BEL,D,outer,none
40.713643, -73.716512,BEL,D,outer,none
40.713761, -73.716469,BEL,D,outer,none
40.713875, -73.716438,BEL,D,outer,none
40.713993, -73.716418,BEL,D,outer,none
40.714084, -73.716406,BEL,D,outer,none
40.714221, -73.716401,BEL,D,outer,none
40.714361, -73.716408,BEL,D,outer,none
40.714478, -73.716425,BEL,D,outer,none
40.714577, -73.716442,BEL,D,outer,none
40.714695, -73.716480,BEL,D,outer,none
40.714849, -73.716538,BEL,D,outer,none
40.715000, -73.716617,BEL,D,outer,none
40.715119, -73.716693,BEL,D,outer,none
40.715194, -73.716746,BEL,D,outer,none
40.715310, -73.716842,BEL,D,outer,none
40.715427, -73.716953,BEL,D,outer,none
40.715498, -73.717031,BEL,D,outer,none
40.715570, -73.717120,BEL,D,outer,none
40.715579, -73.717114,BEL,D,outer,direct
40.715461, -73.716664,BEL,D,outer,direct
40.715346, -73.716222,BEL,D,outer,direct
40.715821, -73.718029,BEL,D,outer,direct
40.716067, -73.718993,BEL,D,inner,none
40.716166, -73.719368,BEL,D,inner,none
40.716360, -73.720109,BEL,D,inner,none
40.716711, -73.721450,BEL,D,inner,none
40.716937, -73.722309,BEL,D,inner,none
40.717140, -73.723071,BEL,D,inner,none
40.717435, -73.724196,BEL,D,inner,none
40.717572, -73.724722,BEL,D,inner,none
40.717630, -73.724946,BEL,D,inner,none
40.717666, -73.725136,BEL,D,inner,none
40.717689, -73.725337,BEL,D,inner,none
40.717700, -73.725630,BEL,D,inner,none
40.717691, -73.725831,BEL,D,inner,none
40.717666, -73.726032,BEL,D,inner,none
40.717589, -73.726391,BEL,D,inner,none
40.717540, -73.726552,BEL,D,inner,none
40.717468, -73.726731,BEL,D,inner,none
40.717412, -73.726854,BEL,D,inner,none
40.717322, -73.727018,BEL,D,inner,none
40.717253, -73.727125,BEL,D,inner,none
40.717147, -73.727268,BEL,D,inner,none
40.717046, -73.727383,BEL,D,inner,none
40.716943, -73.727486,BEL,D,inner,none
40.716794, -73.727607,BEL,D,inner,none
40.716639, -73.727708,BEL,D,inner,none
40.716456, -73.727796,BEL,D,inner,none
40.716306, -73.727847,BEL,D,inner,none
40.716175, -73.727877,BEL,D,inner,none
40.716068, -73.727891,BEL,D,inner,none
40.715958, -73.727897,BEL,D,inner,none
40.715811, -73.727888,BEL,D,inner,none
40.715676, -73.727869,BEL,D,inner,none
40.715548, -73.727836,BEL,D,inner,none
40.715379, -73.727774,BEL,D,inner,none
40.715319, -73.727744,BEL,D,inner,none
40.715256, -73.727712,BEL,D,inner,none
40.715178, -73.727665,BEL,D,inner,none
40.715080, -73.727597,BEL,D,inner,none
40.714969, -73.727507,BEL,D,inner,none
40.714879, -73.727422,BEL,D,inner,none
40.714761, -73.727292,BEL,D,inner,none
40.714668, -73.727172,BEL,D,inner,none
40.714627, -73.727090,BEL,D,inner,none
40.714572, -73.727004,BEL,D,inner,none
40.714524, -73.726921,BEL,D,inner,none
40.714481, -73.726836,BEL,D,inner,none
40.714441, -73.726748,BEL,D,inner,none
40.714396, -73.726640,BEL,D,inner,none
40.714368, -73.726564,BEL,D,inner,none
40.714316, -73.726402,BEL,D,inner,none
40.714265, -73.726205,BEL,D,inner,none
40.714218, -73.726026,BEL,D,inner,none
40.714151, -73.725772,BEL,D,inner,none
40.714023, -73.725284,BEL,D,inner,none
40.713932, -73.724936,BEL,D,inner,none
40.713817, -73.724497,BEL,D,inner,none
40.713666, -73.723921,BEL,D,inner,none
40.713520, -73.723368,BEL,D,inner,none
40.713414, -73.722961,BEL,D,inner,none
40.713331, -73.722642,BEL,D,inner,none
40.713236, -73.722284,BEL,D,inner,none
40.713138, -73.721910,BEL,D,inner,none
40.713036, -73.721523,BEL,D,inner,none
40.712916, -73.721062,BEL,D,inner,none
40.712797, -73.720616,BEL,D,inner,none
40.712713, -73.720288,BEL,D,inner,none
40.712570, -73.719750,BEL,D,inner,none
40.712536, -73.719621,BEL,D,inner,none
40.712500, -73.719444,BEL,D,inner,none
40.712478, -73.719281,BEL,D,inner,none
40.712464, -73.719156,BEL,D,inner,none
40.712455, -73.719019,BEL,D,inner,none
40.712457, -73.718902,BEL,D,inner,none
40.712465, -73.718751,BEL,D,inner,none
40.712478, -73.718617,BEL,D,inner,none
40.712500, -73.718467,BEL,D,inner,none
40.712531, -73.718313,BEL,D,inner,none
40.712568, -73.718167,BEL,D,inner,none
40.712610, -73.718034,BEL,D,inner,none
40.712671, -73.717873,BEL,D,inner,none
40.712727, -73.717750,BEL,D,inner,none
40.712775, -73.717653,BEL,D,inner,none
40.712854, -73.717517,BEL,D,inner,none
40.712912, -73.717429,BEL,D,inner,none
40.712989, -73.717323,BEL,D,inner,none
40.713053, -73.717246,BEL,D,inner,none
40.713139, -73.717152,BEL,D,inner,none
40.713212, -73.717081,BEL,D,inner,none
40.713337, -73.716978,BEL,D,inner,none
40.713434, -73.716910,BEL,D,inner,none
40.713523, -73.716856,BEL,D,inner,none
40.713643, -73.716796,BEL,D,inner,none
40.713751, -73.716752,BEL,D,inner,none
40.713846, -73.716721,BEL,D,inner,none
40.713941, -73.716698,BEL,D,inner,none
40.714047, -73.716682,BEL,D,inner,none
40.714172, -73.716671,BEL,D,inner,none
40.714254, -73.716673,BEL,D,inner,none
40.714357, -73.716680,BEL,D,inner,none
40.714453, -73.716694,BEL,D,inner,none
40.714594, -73.716728,BEL,D,inner,none
40.714730, -73.716777,BEL,D,inner,none
40.714871, -73.716841,BEL,D,inner,none
40.714950, -73.716886,BEL,D,inner,none
40.715008, -73.716924,BEL,D,inner,none
40.715069, -73.716967,BEL,D,inner,none
40.715169, -73.717045,BEL,D,inner,none
40.715262, -73.717130,BEL,D,inner,none
40.715342, -73.717213,BEL,D,inner,none
40.715416, -73.717301,BEL,D,inner,none
40.715507, -73.717422,BEL,D,inner,none
40.715573, -73.717527,BEL,D,inner,none
40.715639, -73.717642,BEL,D,inner,none
40.715700, -73.717761,BEL,D,inner,none
40.715786, -73.717964,BEL,D,inner,none
40.715830, -73.718094,BEL,D,inner,none
40.715877, -73.718256,BEL,D,inner,none
40.715907, -73.718366,BEL,D,inner,none
40.713097, -73.717690,BEL,O,outer,direct1
40.713099, -73.717346,BEL,O,outer,direct1
40.713259, -73.717346,BEL,O,outer,direct1
40.713419, -73.717340,BEL,O,outer,partial1
40.713507, -73.717336,BEL,O,outer,partial1
40.713818, -73.717324,BEL,O,outer,partial1
40.714010, -73.717316,BEL,O,outer,partial1
40.714102, -73.717313,BEL,O,outer,partial1
40.714400, -73.717301,BEL,O,outer,partial1
40.714408, -73.717300,BEL,O,outer,partial1
40.714403, -73.717288,BEL,O,outer,direct2
40.714125, -73.717056,BEL,O,outer,direct2
40.714273, -73.716785,BEL,O,outer,direct2
40.714424, -73.716920,BEL,O,outer,direct2
40.714529, -73.717010,BEL,O,outer,partial2
40.714695, -73.717153,BEL,O,outer,partial2
40.714945, -73.717372,BEL,O,outer,partial2
40.714994, -73.717414,BEL,O,outer,partial2
40.715248, -73.717632,BEL,O,outer,none
40.715362, -73.717734,BEL,O,outer,none
40.715452, -73.717827,BEL,O,outer,none
40.715516, -73.717894,BEL,O,outer,none
40.715625, -73.718044,BEL,O,outer,none
40.715701, -73.718168,BEL,O,outer,none
40.715785, -73.718326,BEL,O,outer,none
40.715853, -73.718468,BEL,O,outer,none
40.715925, -73.718641,BEL,O,outer,none
40.715961, -73.718758,BEL,O,outer,none
40.716074, -73.719191,BEL,O,outer,none
40.716268, -73.719929,BEL,O,outer,none
40.716417, -73.720501,BEL,O,outer,none
40.716584, -73.721134,BEL,O,outer,none
40.716751, -73.721775,BEL,O,outer,none
40.716914, -73.722398,BEL,O,outer,none
40.717078, -73.723020,BEL,O,outer,none
40.717237, -73.723630,BEL,O,outer,none
40.717380, -73.724177,BEL,O,outer,none
40.717569, -73.724883,BEL,O,outer,none
40.717607, -73.725047,BEL,O,outer,none
40.717637, -73.725258,BEL,O,outer,none
40.717652, -73.725423,BEL,O,outer,none
40.717657, -73.725603,BEL,O,outer,none
40.717644, -73.725874,BEL,O,outer,none
40.717622, -73.726050,BEL,O,outer,none
40.717588, -73.726220,BEL,O,outer,none
40.717557, -73.726345,BEL,O,outer,none
40.717502, -73.726530,BEL,O,outer,none
40.717440, -73.726690,BEL,O,outer,none
40.717353, -73.726872,BEL,O,outer,none
40.717247, -73.727051,BEL,O,outer,none
40.717084, -73.727275,BEL,O,outer,none
40.716969, -73.727397,BEL,O,outer,none
40.716839, -73.727514,BEL,O,outer,none
40.716710, -73.727606,BEL,O,outer,none
40.716584, -73.727681,BEL,O,outer,none
40.716457, -73.727739,BEL,O,outer,none
40.716294, -73.727796,BEL,O,outer,none
40.716175, -73.727822,BEL,O,outer,none
40.716073, -73.727836,BEL,O,outer,none
40.715963, -73.727843,BEL,O,outer,none
40.715852, -73.727840,BEL,O,outer,none
40.715734, -73.727826,BEL,O,outer,none
40.715640, -73.727807,BEL,O,outer,none
40.715511, -73.727769,BEL,O,outer,none
40.715394, -73.727724,BEL,O,outer,none
40.715259, -73.727653,BEL,O,outer,none
40.715148, -73.727585,BEL,O,outer,none
40.715042, -73.727506,BEL,O,outer,none
40.714923, -73.727400,BEL,O,outer,none
40.714825, -73.727296,BEL,O,outer,none
40.714725, -73.727172,BEL,O,outer,none
40.714629, -73.727034,BEL,O,outer,none
40.714519, -73.726837,BEL,O,outer,none
40.714447, -73.726690,BEL,O,outer,none
40.714390, -73.726541,BEL,O,outer,none
40.714338, -73.726359,BEL,O,outer,none
40.714279, -73.726137,BEL,O,outer,none
40.714221, -73.725916,BEL,O,outer,none
40.714159, -73.725680,BEL,O,outer,none
40.713956, -73.724904,BEL,O,outer,none
40.713651, -73.723739,BEL,O,outer,none
40.713551, -73.723355,BEL,O,outer,none
40.713400, -73.722772,BEL,O,outer,none
40.713306, -73.722415,BEL,O,outer,none
40.713225, -73.722097,BEL,O,outer,none
40.713166, -73.721870,BEL,O,outer,none
40.712968, -73.721123,BEL,O,outer,none
40.712822, -73.720570,BEL,O,outer,none
40.712703, -73.720097,BEL,O,outer,none
40.712689, -73.720022,BEL,O,outer,none
40.712668, -73.719860,BEL,O,outer,none
40.712655, -73.719729,BEL,O,outer,none
40.712654, -73.719617,BEL,O,outer,none
40.712658, -73.719461,BEL,O,outer,none
40.712667, -73.719281,BEL,O,outer,none
40.712696, -73.719029,BEL,O,outer,none
40.712720, -73.718892,BEL,O,outer,none
40.712753, -73.718765,BEL,O,outer,none
40.712801, -73.718611,BEL,O,outer,none
40.712869, -73.718433,BEL,O,outer,none
40.712922, -73.718320,BEL,O,outer,none
40.712956, -73.718254,BEL,O,outer,none
40.713027, -73.718131,BEL,O,outer,none
40.713093, -73.718030,BEL,O,outer,none
40.713145, -73.717958,BEL,O,outer,none
40.713206, -73.717885,BEL,O,outer,none
40.713277, -73.717803,BEL,O,outer,none
40.713354, -73.717724,BEL,O,outer,none
40.713414, -73.717669,BEL,O,outer,partial1
40.714265, -73.717621,BEL,O,outer,direct1
40.714872, -73.717740,BEL,O,outer,direct2
40.715749, -73.718985,BEL,O,inner,none
40.715851, -73.719382,BEL,O,inner,none
40.715968, -73.719834,BEL,O,inner,none
40.716134, -73.720486,BEL,O,inner,none
40.716298, -73.721113,BEL,O,inner,none
40.716400, -73.721516,BEL,O,inner,none
40.716588, -73.722249,BEL,O,inner,none
40.716742, -73.722845,BEL,O,inner,none
40.716867, -73.723334,BEL,O,inner,none
40.717029, -73.723980,BEL,O,inner,none
40.717228, -73.724753,BEL,O,inner,none
40.717314, -73.725088,BEL,O,inner,none
40.717362, -73.725285,BEL,O,inner,none
40.717378, -73.725383,BEL,O,inner,none
40.717395, -73.725564,BEL,O,inner,none
40.717398, -73.725744,BEL,O,inner,none
40.717391, -73.725898,BEL,O,inner,none
40.717364, -73.726126,BEL,O,inner,none
40.717323, -73.726317,BEL,O,inner,none
40.717294, -73.726427,BEL,O,inner,none
40.717255, -73.726538,BEL,O,inner,none
40.717205, -73.726657,BEL,O,inner,none
40.717155, -73.726766,BEL,O,inner,none
40.717108, -73.726849,BEL,O,inner,none
40.717042, -73.726960,BEL,O,inner,none
40.716947, -73.727084,BEL,O,inner,none
40.716856, -73.727186,BEL,O,inner,none
40.716774, -73.727266,BEL,O,inner,none
40.716667, -73.727353,BEL,O,inner,none
40.716573, -73.727416,BEL,O,inner,none
40.716464, -73.727478,BEL,O,inner,none
40.716388, -73.727511,BEL,O,inner,none
40.716291, -73.727548,BEL,O,inner,none
40.716214, -73.727571,BEL,O,inner,none
40.716124, -73.727590,BEL,O,inner,none
40.716077, -73.727597,BEL,O,inner,none
40.716008, -73.727604,BEL,O,inner,none
40.715944, -73.727607,BEL,O,inner,none
40.715878, -73.727604,BEL,O,inner,none
40.715777, -73.727593,BEL,O,inner,none
40.715686, -73.727576,BEL,O,inner,none
40.715592, -73.727551,BEL,O,inner,none
40.715498, -73.727515,BEL,O,inner,none
40.715394, -73.727464,BEL,O,inner,none
40.715308, -73.727415,BEL,O,inner,none
40.715199, -73.727340,BEL,O,inner,none
40.715102, -73.727239,BEL,O,inner,none
40.715005, -73.727142,BEL,O,inner,none
40.714912, -73.727029,BEL,O,inner,none
40.714858, -73.726952,BEL,O,inner,none
40.714787, -73.726834,BEL,O,inner,none
40.714717, -73.726706,BEL,O,inner,none
40.714691, -73.726646,BEL,O,inner,none
40.714621, -73.726471,BEL,O,inner,none
40.714566, -73.726287,BEL,O,inner,none
40.714559, -73.726258,BEL,O,inner,none
40.714518, -73.726093,BEL,O,inner,none
40.714421, -73.725729,BEL,O,inner,none
40.714305, -73.725281,BEL,O,inner,none
40.714179, -73.724803,BEL,O,inner,none
40.714058, -73.724342,BEL,O,inner,none
40.713959, -73.723968,BEL,O,inner,none
40.713842, -73.723511,BEL,O,inner,none
40.713809, -73.723389,BEL,O,inner,none
40.713743, -73.723140,BEL,O,inner,none
40.713659, -73.722818,BEL,O,inner,none
40.713411, -73.721845,BEL,O,inner,none
40.713161, -73.720857,BEL,O,inner,none
40.713044, -73.720434,BEL,O,inner,none
40.712977, -73.720169,BEL,O,inner,none
40.712941, -73.720011,BEL,O,inner,none
40.712918, -73.719870,BEL,O,inner,none
40.712903, -73.719748,BEL,O,inner,none
40.712896, -73.719649,BEL,O,inner,none
40.712894, -73.719488,BEL,O,inner,none
40.712904, -73.719314,BEL,O,inner,none
40.712914, -73.719230,BEL,O,inner,none
40.712945, -73.719071,BEL,O,inner,none
40.712997, -73.718900,BEL,O,inner,none
40.713027, -73.718803,BEL,O,inner,none
40.713067, -73.718670,BEL,O,inner,none
40.713132, -73.718501,BEL,O,inner,none
40.713192, -73.718379,BEL,O,inner,none
40.713313, -73.718193,BEL,O,inner,none
40.713393, -73.718097,BEL,O,inner,none
40.713514, -73.717968,BEL,O,inner,none
40.713597, -73.717901,BEL,O,inner,none
40.713673, -73.717844,BEL,O,inner,none
40.713746, -73.717794,BEL,O,inner,none
40.713873, -73.717728,BEL,O,inner,none
40.713964, -73.717690,BEL,O,inner,none
40.714064, -73.717658,BEL,O,inner,none
40.714159, -73.717638,BEL,O,inner,none
40.714261, -73.717626,BEL,O,inner,none
40.714340, -73.717622,BEL,O,inner,none
40.714412, -73.717623,BEL,O,inner,none
40.714482, -73.717630,BEL,O,inner,none
40.714595, -73.717651,BEL,O,inner,none
40.714705, -73.717680,BEL,O,inner,none
40.714807, -73.717718,BEL,O,inner,none
40.714897, -73.717763,BEL,O,inner,none
40.714997, -73.717821,BEL,O,inner,none
40.715099, -73.717895,BEL,O,inner,none
40.715203, -73.717984,BEL,O,inner,none
40.715264, -73.718043,BEL,O,inner,none
40.715337, -73.718133,BEL,O,inner,none
40.715412, -73.718222,BEL,O,inner,none
40.715462, -73.718298,BEL,O,inner,none
40.715539, -73.718426,BEL,O,inner,none
40.715633, -73.718628,BEL,O,inner,none
40.715703, -73.718820,BEL,O,inner,none
40.715733, -73.718927,BEL,O,inner,none
40.712936, -73.719198,BEL,I,outer,partial
40.712909, -73.719227,BEL,I,outer,direct
40.712783, -73.719410,BEL,I,outer,direct
40.712645, -73.719614,BEL,I,outer,direct
40.712582, -73.719712,BEL,I,outer,direct
40.712553, -73.719599,BEL,I,outer,direct
40.712521, -73.719433,BEL,I,outer,direct
40.712517, -73.719323,BEL,I,outer,direct
40.712572, -73.719248,BEL,I,outer,direct
40.712667, -73.719121,BEL,I,outer,direct
40.712897, -73.718829,BEL,I,outer,direct
40.713105, -73.718563,BEL,I,outer,partial
40.713120, -73.718530,BEL,I,outer,none
40.713158, -73.718482,BEL,I,outer,none
40.713228, -73.718353,BEL,I,outer,none
40.713299, -73.718239,BEL,I,outer,none
40.713377, -73.718136,BEL,I,outer,none
40.713453, -73.718051,BEL,I,outer,none
40.713537, -73.717971,BEL,I,outer,none
40.713650, -73.717879,BEL,I,outer,none
40.713768, -73.717803,BEL,I,outer,none
40.713903, -73.717732,BEL,I,outer,none
40.714048, -73.717677,BEL,I,outer,none
40.714167, -73.717657,BEL,I,outer,none
40.714270, -73.717644,BEL,I,outer,none
40.714432, -73.717649,BEL,I,outer,none
40.714534, -73.717666,BEL,I,outer,none
40.714666, -73.717691,BEL,I,outer,none
40.714791, -73.717731,BEL,I,outer,none
40.714923, -73.717799,BEL,I,outer,none
40.715048, -73.717881,BEL,I,outer,none
40.715141, -73.717963,BEL,I,outer,none
40.715258, -73.718074,BEL,I,outer,none
40.715382, -73.718224,BEL,I,outer,none
40.715520, -73.718454,BEL,I,outer,none
40.715604, -73.718637,BEL,I,outer,none
40.715663, -73.718797,BEL,I,outer,none
40.715728, -73.719024,BEL,I,outer,none
40.715797, -73.719286,BEL,I,outer,none
40.715922, -73.719774,BEL,I,outer,none
40.716098, -73.720453,BEL,I,outer,none
40.716232, -73.720983,BEL,I,outer,none
40.716364, -73.721479,BEL,I,outer,none
40.716499, -73.722016,BEL,I,outer,none
40.716628, -73.722535,BEL,I,outer,none
40.716761, -73.723048,BEL,I,outer,none
40.716897, -73.723564,BEL,I,outer,none
40.717006, -73.724003,BEL,I,outer,none
40.717144, -73.724567,BEL,I,outer,none
40.717294, -73.725127,BEL,I,outer,none
40.717350, -73.725397,BEL,I,outer,none
40.717368, -73.725740,BEL,I,outer,none
40.717347, -73.726032,BEL,I,outer,none
40.717304, -73.726283,BEL,I,outer,none
40.717238, -73.726507,BEL,I,outer,none
40.717132, -73.726748,BEL,I,outer,none
40.717010, -73.726956,BEL,I,outer,none
40.716898, -73.727088,BEL,I,outer,none
40.716769, -73.727222,BEL,I,outer,none
40.716525, -73.727397,BEL,I,outer,none
40.716337, -73.727483,BEL,I,outer,none
40.716182, -73.727545,BEL,I,outer,none
40.716084, -73.727565,BEL,I,outer,none
40.715961, -73.727572,BEL,I,outer,none
40.715846, -73.727570,BEL,I,outer,none
40.715685, -73.727547,BEL,I,outer,none
40.715541, -73.727499,BEL,I,outer,none
40.715463, -73.727464,BEL,I,outer,none
40.715323, -73.727384,BEL,I,outer,none
40.715217, -73.727310,BEL,I,outer,none
40.715063, -73.727171,BEL,I,outer,none
40.714976, -73.727077,BEL,I,outer,none
40.714881, -73.726953,BEL,I,outer,none
40.714780, -73.726785,BEL,I,outer,none
40.714694, -73.726603,BEL,I,outer,none
40.714646, -73.726488,BEL,I,outer,none
40.714556, -73.726191,BEL,I,outer,none
40.714527, -73.726089,BEL,I,outer,none
40.714409, -73.725630,BEL,I,outer,none
40.714280, -73.725134,BEL,I,outer,none
40.714171, -73.724714,BEL,I,outer,none
40.714095, -73.724433,BEL,I,outer,none
40.713981, -73.723985,BEL,I,outer,none
40.713868, -73.723554,BEL,I,outer,none
40.713634, -73.722641,BEL,I,outer,none
40.713461, -73.721953,BEL,I,outer,none
40.713295, -73.721294,BEL,I,outer,none
40.713114, -73.720570,BEL,I,outer,none
40.713003, -73.720123,BEL,I,outer,none
40.712949, -73.719832,BEL,I,outer,none
40.712932, -73.719632,BEL,I,outer,none
40.712929, -73.719451,BEL,I,outer,none
40.712933, -73.719318,BEL,I,outer,none
40.715500, -73.719246,BEL,I,inner,none
40.715682, -73.719961,BEL,I,inner,none
40.715848, -73.720605,BEL,I,inner,none
40.716059, -73.721419,BEL,I,inner,none
40.716216, -73.722037,BEL,I,inner,none
40.716415, -73.722807,BEL,I,inner,none
40.716633, -73.723656,BEL,I,inner,none
40.716839, -73.724462,BEL,I,inner,none
40.717037, -73.725241,BEL,I,inner,none
40.717100, -73.725540,BEL,I,inner,none
40.717117, -73.725755,BEL,I,inner,none
40.717106, -73.726028,BEL,I,inner,none
40.717072, -73.726225,BEL,I,inner,none
40.717036, -73.726369,BEL,I,inner,none
40.716976, -73.726535,BEL,I,inner,none
40.716859, -73.726762,BEL,I,inner,none
40.716779, -73.726875,BEL,I,inner,none
40.716653, -73.727019,BEL,I,inner,none
40.716488, -73.727149,BEL,I,inner,none
40.716330, -73.727236,BEL,I,inner,none
40.716186, -73.727285,BEL,I,inner,none
40.716046, -73.727310,BEL,I,inner,none
40.715903, -73.727312,BEL,I,inner,none
40.715800, -73.727298,BEL,I,inner,none
40.715677, -73.727261,BEL,I,inner,none
40.715543, -73.727204,BEL,I,inner,none
40.715422, -73.727128,BEL,I,inner,none
40.715309, -73.727025,BEL,I,inner,none
40.715179, -73.726893,BEL,I,inner,none
40.715084, -73.726740,BEL,I,inner,none
40.714994, -73.726576,BEL,I,inner,none
40.714924, -73.726405,BEL,I,inner,none
40.714867, -73.726232,BEL,I,inner,none
40.714817, -73.726051,BEL,I,inner,none
40.714770, -73.725865,BEL,I,inner,none
40.714694, -73.725597,BEL,I,inner,none
40.714428, -73.724587,BEL,I,inner,none
40.714227, -73.723851,BEL,I,inner,none
40.713973, -73.722876,BEL,I,inner,none
40.713754, -73.722027,BEL,I,inner,none
40.713445, -73.720792,BEL,I,inner,none
40.713382, -73.720532,BEL,I,inner,none
40.713267, -73.720083,BEL,I,inner,none
40.713222, -73.719898,BEL,I,inner,none
40.713191, -73.719727,BEL,I,inner,none
40.713179, -73.719584,BEL,I,inner,none
40.713175, -73.719404,BEL,I,inner,none
40.713185, -73.719261,BEL,I,inner,none
40.713203, -73.719131,BEL,I,inner,none
40.713230, -73.718997,BEL,I,inner,none
40.713270, -73.718845,BEL,I,inner,none
40.713329, -73.718701,BEL,I,inner,none
40.713390, -73.718584,BEL,I,inner,none
40.713470, -73.718455,BEL,I,inner,none
40.713551, -73.718342,BEL,I,inner,none
40.713636, -73.718252,BEL,I,inner,none
40.713731, -73.718168,BEL,I,inner,none
40.713811, -73.718111,BEL,I,inner,none
40.713903, -73.718056,BEL,I,inner,none
40.713990, -73.718016,BEL,I,inner,none
40.714099, -73.717979,BEL,I,inner,none
40.714207, -73.717959,BEL,I,inner,none
40.714312, -73.717949,BEL,I,inner,none
40.714417, -73.717953,BEL,I,inner,none
40.714505, -73.717965,BEL,I,inner,none
40.714579, -73.717984,BEL,I,inner,none
40.714681, -73.718019,BEL,I,inner,none
40.714779, -73.718066,BEL,I,inner,none
40.714876, -73.718125,BEL,I,inner,none
40.715001, -73.718231,BEL,I,inner,none
40.715124, -73.718360,BEL,I,inner,none
40.715154, -73.718395,BEL,I,inner,none
40.715197, -73.718451,BEL,I,inner,none
40.715249, -73.718544,BEL,I,inner,none
40.715282, -73.718603,BEL,I,inner,none
40.715327, -73.718689,BEL,I,inner,none
40.715354, -73.718754,BEL,I,inner,none
40.715394, -73.718864,BEL,I,inner,none
40.715446, -73.719041,BEL,I,inner,none
40.713804, -73.721066,BEL,extra,lake1,NA
40.713734, -73.721040,BEL,extra,lake1,NA
40.713694, -73.720996,BEL,extra,lake1,NA
40.713658, -73.720923,BEL,extra,lake1,NA
40.713638, -73.720796,BEL,extra,lake1,NA
40.713627, -73.720726,BEL,extra,lake1,NA
40.713605, -73.720620,BEL,extra,lake1,NA
40.713579, -73.720505,BEL,extra,lake1,NA
40.713563, -73.720448,BEL,extra,lake1,NA
40.713559, -73.720413,BEL,extra,lake1,NA
40.713556, -73.720366,BEL,extra,lake1,NA
40.713553, -73.720325,BEL,extra,lake1,NA
40.713544, -73.720273,BEL,extra,lake1,NA
40.713538, -73.720185,BEL,extra,lake1,NA
40.713528, -73.720113,BEL,extra,lake1,NA
40.713532, -73.720007,BEL,extra,lake1,NA
40.713534, -73.719916,BEL,extra,lake1,NA
40.713537, -73.719819,BEL,extra,lake1,NA
40.713533, -73.719719,BEL,extra,lake1,NA
40.713517, -73.719633,BEL,extra,lake1,NA
40.713493, -73.719561,BEL,extra,lake1,NA
40.713461, -73.719476,BEL,extra,lake1,NA
40.713404, -73.719357,BEL,extra,lake1,NA
40.713387, -73.719312,BEL,extra,lake1,NA
40.713368, -73.719198,BEL,extra,lake1,NA
40.713378, -73.719120,BEL,extra,lake1,NA
40.713392, -73.719056,BEL,extra,lake1,NA
40.713409, -73.719038,BEL,extra,lake1,NA
40.713436, -73.719026,BEL,extra,lake1,NA
40.713458, -73.719000,BEL,extra,lake1,NA
40.713480, -73.718947,BEL,extra,lake1,NA
40.713485, -73.718893,BEL,extra,lake1,NA
40.713480, -73.718849,BEL,extra,lake1,NA
40.713467, -73.718819,BEL,extra,lake1,NA
40.713482, -73.718790,BEL,extra,lake1,NA
40.713521, -73.718733,BEL,extra,lake1,NA
40.713571, -73.718655,BEL,extra,lake1,NA
40.713618, -73.718591,BEL,extra,lake1,NA
40.713685, -73.718550,BEL,extra,lake1,NA
40.713756, -73.718497,BEL,extra,lake1,NA
40.713801, -73.718466,BEL,extra,lake1,NA
40.713845, -73.718451,BEL,extra,lake1,NA
40.713869, -73.718464,BEL,extra,lake1,NA
40.713889, -73.718447,BEL,extra,lake1,NA
40.713927, -73.718469,BEL,extra,lake1,NA
40.713949, -73.718492,BEL,extra,lake1,NA
40.713980, -73.718529,BEL,extra,lake1,NA
40.714008, -73.718564,BEL,extra,lake1,NA
40.714037, -73.718611,BEL,extra,lake1,NA
40.714062, -73.718670,BEL,extra,lake1,NA
40.714074, -73.718729,BEL,extra,lake1,NA
40.714076, -73.718798,BEL,extra,lake1,NA
40.714056, -73.718907,BEL,extra,lake1,NA
40.714011, -73.719062,BEL,extra,lake1,NA
40.713976, -73.719193,BEL,extra,lake1,NA
40.713952, -73.719258,BEL,extra,lake1,NA
40.713920, -73.719417,BEL,extra,lake1,NA
40.713903, -73.719549,BEL,extra,lake1,NA
40.713883, -73.719675,BEL,extra,lake1,NA
40.713860, -73.719825,BEL,extra,lake1,NA
40.713834, -73.719944,BEL,extra,lake1,NA
40.713830, -73.719992,BEL,extra,lake1,NA
40.713852, -73.720125,BEL,extra,lake1,NA
40.713886, -73.720272,BEL,extra,lake1,NA
40.713921, -73.720428,BEL,extra,lake1,NA
40.713947, -73.720574,BEL,extra,lake1,NA
40.713968, -73.720711,BEL,extra,lake1,NA
40.713979, -73.720825,BEL,extra,lake1,NA
40.713980, -73.720878,BEL,extra,lake1,NA
40.713975, -73.720929,BEL,extra,lake1,NA
40.713959, -73.720972,BEL,extra,lake1,NA
40.713928, -73.721008,BEL,extra,lake1,NA
40.713896, -73.721031,BEL,extra,lake1,NA
40.713852, -73.721053,BEL,extra,lake1,NA
40.713769, -73.720643,BEL,extra,island1,NA
40.713747, -73.720636,BEL,extra,island1,NA
40.713724, -73.720613,BEL,extra,island1,NA
40.713700, -73.720562,BEL,extra,island1,NA
40.713685, -73.720522,BEL,extra,island1,NA
40.713673, -73.720470,BEL,extra,island1,NA
40.713668, -73.720410,BEL,extra,island1,NA
40.713668, -73.720346,BEL,extra,island1,NA
40.713671, -73.720302,BEL,extra,island1,NA
40.713673, -73.720261,BEL,extra,island1,NA
40.713686, -73.720234,BEL,extra,island1,NA
40.713704, -73.720225,BEL,extra,island1,NA
40.713728, -73.720230,BEL,extra,island1,NA
40.713746, -73.720246,BEL,extra,island1,NA
40.713763, -73.720277,BEL,extra,island1,NA
40.713780, -73.720315,BEL,extra,island1,NA
40.713794, -73.720363,BEL,extra,island1,NA
40.713805, -73.720412,BEL,extra,island1,NA
40.713812, -73.720458,BEL,extra,island1,NA
40.713812, -73.720510,BEL,extra,island1,NA
40.713808, -73.720564,BEL,extra,island1,NA
40.713800, -73.720599,BEL,extra,island1,NA
40.713789, -73.720626,BEL,extra,island1,NA
40.713653, -73.719378,BEL,extra,island2,NA
40.713641, -73.719356,BEL,extra,island2,NA
40.713628, -73.719290,BEL,extra,island2,NA
40.713611, -73.719209,BEL,extra,island2,NA
40.713598, -73.719146,BEL,extra,island2,NA
40.713581, -73.719084,BEL,extra,island2,NA
40.713565, -73.719023,BEL,extra,island2,NA
40.713563, -73.718977,BEL,extra,island2,NA
40.713574, -73.718948,BEL,extra,island2,NA
40.713603, -73.718919,BEL,extra,island2,NA
40.713623, -73.718900,BEL,extra,island2,NA
40.713657, -73.718894,BEL,extra,island2,NA
40.713687, -73.718884,BEL,extra,island2,NA
40.713716, -73.718885,BEL,extra,island2,NA
40.713746, -73.718896,BEL,extra,island2,NA
40.713765, -73.718918,BEL,extra,island2,NA
40.713770, -73.718951,BEL,extra,island2,NA
40.713765, -73.718984,BEL,extra,island2,NA
40.713746, -73.719016,BEL,extra,island2,NA
40.713731, -73.719041,BEL,extra,island2,NA
40.713720, -73.719089,BEL,extra,island2,NA
40.713712, -73.719156,BEL,extra,island2,NA
40.713705, -73.719207,BEL,extra,island2,NA
40.713699, -73.719270,BEL,extra,island2,NA
40.713688, -73.719317,BEL,extra,island2,NA
40.713673, -73.719362,BEL,extra,island2,NA
40.715625, -73.723600,BEL,extra,lake2,NA
40.715633, -73.723557,BEL,extra,lake2,NA
40.715658, -73.723519,BEL,extra,lake2,NA
40.715709, -73.723470,BEL,extra,lake2,NA
40.715765, -73.723436,BEL,extra,lake2,NA
40.715822, -73.723424,BEL,extra,lake2,NA
40.715891, -73.723429,BEL,extra,lake2,NA
40.715952, -73.723455,BEL,extra,lake2,NA
40.715998, -73.723492,BEL,extra,lake2,NA
40.716041, -73.723547,BEL,extra,lake2,NA
40.716083, -73.723636,BEL,extra,lake2,NA
40.716101, -73.723736,BEL,extra,lake2,NA
40.716101, -73.723824,BEL,extra,lake2,NA
40.716099, -73.723948,BEL,extra,lake2,NA
40.716103, -73.724041,BEL,extra,lake2,NA
40.716118, -73.724174,BEL,extra,lake2,NA
40.716140, -73.724301,BEL,extra,lake2,NA
40.716167, -73.724404,BEL,extra,lake2,NA
40.716203, -73.724518,BEL,extra,lake2,NA
40.716246, -73.724632,BEL,extra,lake2,NA
40.716295, -73.724736,BEL,extra,lake2,NA
40.716337, -73.724824,BEL,extra,lake2,NA
40.716378, -73.724933,BEL,extra,lake2,NA
40.716405, -73.725023,BEL,extra,lake2,NA
40.716435, -73.725162,BEL,extra,lake2,NA
40.716455, -73.725310,BEL,extra,lake2,NA
40.716460, -73.725411,BEL,extra,lake2,NA
40.716460, -73.725550,BEL,extra,lake2,NA
40.716448, -73.725680,BEL,extra,lake2,NA
40.716424, -73.725814,BEL,extra,lake2,NA
40.716386, -73.725922,BEL,extra,lake2,NA
40.716352, -73.725992,BEL,extra,lake2,NA
40.716304, -73.726064,BEL,extra,lake2,NA
40.716257, -73.726118,BEL,extra,lake2,NA
40.716195, -73.726173,BEL,extra,lake2,NA
40.716132, -73.726211,BEL,extra,lake2,NA
40.716064, -73.726241,BEL,extra,lake2,NA
40.716018, -73.726252,BEL,extra,lake2,NA
40.715956, -73.726260,BEL,extra,lake2,NA
40.715876, -73.726253,BEL,extra,lake2,NA
40.715812, -73.726236,BEL,extra,lake2,NA
40.715703, -73.726178,BEL,extra,lake2,NA
40.715639, -73.726127,BEL,extra,lake2,NA
40.715575, -73.726051,BEL,extra,lake2,NA
40.715510, -73.725936,BEL,extra,lake2,NA
40.715468, -73.725826,BEL,extra,lake2,NA
40.715446, -73.725720,BEL,extra,lake2,NA
40.715436, -73.725609,BEL,extra,lake2,NA
40.715441, -73.725498,BEL,extra,lake2,NA
40.715463, -73.725370,BEL,extra,lake2,NA
40.715494, -73.725241,BEL,extra,lake2,NA
40.715532, -73.725129,BEL,extra,lake2,NA
40.715581, -73.725011,BEL,extra,lake2,NA
40.715646, -73.724888,BEL,extra,lake2,NA
40.715688, -73.724795,BEL,extra,lake2,NA
40.715713, -73.724724,BEL,extra,lake2,NA
40.715746, -73.724620,BEL,extra,lake2,NA
40.715772, -73.724502,BEL,extra,lake2,NA
40.715790, -73.724392,BEL,extra,lake2,NA
40.715800, -73.724253,BEL,extra,lake2,NA
40.715798, -73.724109,BEL,extra,lake2,NA
40.715788, -73.723996,BEL,extra,lake2,NA
40.715765, -73.723920,BEL,extra,lake2,NA
40.715733, -73.723836,BEL,extra,lake2,NA
40.715700, -73.723766,BEL,extra,lake2,NA
40.715655, -73.723689,BEL,extra,lake2,NA
40.715632, -73.723646,BEL,extra,lake2,NA
40.715940, -73.726040,BEL,extra,island3,NA
40.715918, -73.726014,BEL,extra,island3,NA
40.715907, -73.725973,BEL,extra,island3,NA
40.715906, -73.725923,BEL,extra,island3,NA
40.715920, -73.725881,BEL,extra,island3,NA
40.715938, -73.725856,BEL,extra,island3,NA
40.715966, -73.725848,BEL,extra,island3,NA
40.715985, -73.725854,BEL,extra,island3,NA
40.716001, -73.725873,BEL,extra,island3,NA
40.716010, -73.725907,BEL,extra,island3,NA
40.716011, -73.725949,BEL,extra,island3,NA
40.716002, -73.725982,BEL,extra,island3,NA
40.715985, -73.726016,BEL,extra,island3,NA
40.715969, -73.726035,BEL,extra,island3,NA
40.715786, -73.725205,BEL,extra,island4,NA
40.715813, -73.725225,BEL,extra,island4,NA
40.715845, -73.725260,BEL,extra,island4,NA
40.715859, -73.725288,BEL,extra,island4,NA
40.715873, -73.725325,BEL,extra,island4,NA
40.715897, -73.725350,BEL,extra,island4,NA
40.715918, -73.725369,BEL,extra,island4,NA
40.715935, -73.725401,BEL,extra,island4,NA
40.715947, -73.725447,BEL,extra,island4,NA
40.715952, -73.725519,BEL,extra,island4,NA
40.715955, -73.725565,BEL,extra,island4,NA
40.715951, -73.725609,BEL,extra,island4,NA
40.715940, -73.725644,BEL,extra,island4,NA
40.715908, -73.725677,BEL,extra,island4,NA
40.715881, -73.725681,BEL,extra,island4,NA
40.715843, -73.725669,BEL,extra,island4,NA
40.715815, -73.725648,BEL,extra,island4,NA
40.715787, -73.725599,BEL,extra,island4,NA
40.715786, -73.725551,BEL,extra,island4,NA
40.715794, -73.725468,BEL,extra,island4,NA
40.715804, -73.725388,BEL,extra,island4,NA
40.715803, -73.725345,BEL,extra,island4,NA
40.715799, -73.725291,BEL,extra,island4,NA
40.715789, -73.725242,BEL,extra,island4,NA